Open,High,Low,Close,Adj_close,Volume,Date,Stock_name
55.099998,56.549999,54.849998,56.25,56.25,396400.0,2017-07-10T00:00:00,AAWW
56.349998,58.349998,55.799999,58.049999,58.049999,945600.0,2017-07-11T00:00:00,AAWW
58.549999,59.200001,57.080002,57.549999,57.549999,957100.0,2017-07-12T00:00:00,AAWW
57.700001,57.700001,56.5,57.0,57.0,537800.0,2017-07-13T00:00:00,AAWW
57.150002,58.549999,56.049999,58.150002,58.150002,576800.0,2017-07-14T00:00:00,AAWW
57.650002,59.200001,57.349998,58.900002,58.900002,352400.0,2017-07-17T00:00:00,AAWW
58.450001,59.25,58.049999,58.650002,58.650002,363000.0,2017-07-18T00:00:00,AAWW
58.75,59.25,58.299999,58.400002,58.400002,261400.0,2017-07-19T00:00:00,AAWW
58.349998,59.200001,57.349998,57.75,57.75,342300.0,2017-07-20T00:00:00,AAWW
57.650002,57.75,56.73,57.75,57.75,216700.0,2017-07-21T00:00:00,AAWW
57.299999,58.349998,57.299999,58.349998,58.349998,178900.0,2017-07-24T00:00:00,AAWW
58.799999,59.450001,58.549999,58.900002,58.900002,243300.0,2017-07-25T00:00:00,AAWW
58.950001,58.950001,57.73,58.450001,58.450001,334200.0,2017-07-26T00:00:00,AAWW
58.799999,58.799999,57.200001,57.950001,57.950001,482200.0,2017-07-27T00:00:00,AAWW
57.700001,59.049999,57.43,58.950001,58.950001,262100.0,2017-07-28T00:00:00,AAWW
58.900002,59.650002,58.450001,59.400002,59.400002,481100.0,2017-07-31T00:00:00,AAWW
59.599998,60.349998,59.099998,59.799999,59.799999,616300.0,2017-08-01T00:00:00,AAWW
63.299999,67.75,62.200001,66.800003,66.800003,1356800.0,2017-08-02T00:00:00,AAWW
67.199997,67.629997,64.400002,65.199997,65.199997,412500.0,2017-08-03T00:00:00,AAWW
65.300003,66.25,64.860001,65.699997,65.699997,727400.0,2017-08-04T00:00:00,AAWW
65.550003,65.849998,64.75,65.650002,65.650002,598700.0,2017-08-07T00:00:00,AAWW
65.550003,65.550003,63.950001,64.0,64.0,447800.0,2017-08-08T00:00:00,AAWW
63.900002,63.900002,62.580002,62.950001,62.950001,369200.0,2017-08-09T00:00:00,AAWW
63.0,63.0,61.450001,61.599998,61.599998,332200.0,2017-08-10T00:00:00,AAWW
62.0,62.349998,60.299999,60.650002,60.650002,357600.0,2017-08-11T00:00:00,AAWW
61.299999,62.150002,61.099998,62.099998,62.099998,202500.0,2017-08-14T00:00:00,AAWW
62.049999,63.0,61.650002,62.849998,62.849998,271200.0,2017-08-15T00:00:00,AAWW
62.900002,63.099998,61.900002,62.18,62.18,207200.0,2017-08-16T00:00:00,AAWW
62.400002,62.75,60.43,60.5,60.5,227000.0,2017-08-17T00:00:00,AAWW
60.099998,62.099998,60.0,61.75,61.75,215500.0,2017-08-18T00:00:00,AAWW
61.700001,62.200001,61.700001,61.799999,61.799999,165800.0,2017-08-21T00:00:00,AAWW
62.150002,63.849998,62.150002,63.700001,63.700001,249300.0,2017-08-22T00:00:00,AAWW
63.150002,63.849998,62.619999,63.099998,63.099998,240800.0,2017-08-23T00:00:00,AAWW
63.299999,63.450001,62.5,63.25,63.25,162000.0,2017-08-24T00:00:00,AAWW
63.700001,64.029999,63.049999,63.700001,63.700001,104700.0,2017-08-25T00:00:00,AAWW
63.950001,64.800003,63.450001,64.5,64.5,366800.0,2017-08-28T00:00:00,AAWW
63.950001,65.050003,63.099998,64.849998,64.849998,252900.0,2017-08-29T00:00:00,AAWW
64.849998,66.300003,64.599998,66.199997,66.199997,298100.0,2017-08-30T00:00:00,AAWW
66.25,66.900002,65.93,66.800003,66.800003,275100.0,2017-08-31T00:00:00,AAWW
66.800003,68.199997,66.5,67.900002,67.900002,297800.0,2017-09-01T00:00:00,AAWW
67.699997,68.25,66.0,66.300003,66.300003,329600.0,2017-09-05T00:00:00,AAWW
66.800003,66.800003,65.150002,66.349998,66.349998,474700.0,2017-09-06T00:00:00,AAWW
66.349998,66.400002,65.0,66.199997,66.199997,237800.0,2017-09-07T00:00:00,AAWW
66.150002,66.550003,65.099998,65.550003,65.550003,149900.0,2017-09-08T00:00:00,AAWW
66.099998,66.349998,65.25,65.650002,65.650002,128300.0,2017-09-11T00:00:00,AAWW
65.75,67.150002,65.699997,67.099998,67.099998,166100.0,2017-09-12T00:00:00,AAWW
67.349998,67.5,66.599998,67.150002,67.150002,174500.0,2017-09-13T00:00:00,AAWW
66.75,67.300003,65.849998,65.949997,65.949997,144100.0,2017-09-14T00:00:00,AAWW
65.900002,66.349998,64.949997,65.699997,65.699997,383000.0,2017-09-15T00:00:00,AAWW
65.900002,66.25,65.400002,65.849998,65.849998,123900.0,2017-09-18T00:00:00,AAWW
65.849998,66.150002,65.650002,66.050003,66.050003,114500.0,2017-09-19T00:00:00,AAWW
66.25,68.699997,66.199997,68.150002,68.150002,420100.0,2017-09-20T00:00:00,AAWW
68.150002,68.699997,67.25,67.449997,67.449997,119000.0,2017-09-21T00:00:00,AAWW
67.400002,68.0,67.300003,67.599998,67.599998,123900.0,2017-09-22T00:00:00,AAWW
67.550003,67.900002,65.599998,66.0,66.0,288100.0,2017-09-25T00:00:00,AAWW
66.099998,66.43,65.150002,65.25,65.25,625000.0,2017-09-26T00:00:00,AAWW
65.5,66.550003,65.099998,66.099998,66.099998,202400.0,2017-09-27T00:00:00,AAWW
66.199997,67.300003,65.400002,67.25,67.25,187000.0,2017-09-28T00:00:00,AAWW
67.199997,67.949997,65.650002,65.800003,65.800003,211100.0,2017-09-29T00:00:00,AAWW
65.849998,67.349998,65.75,67.25,67.25,209500.0,2017-10-02T00:00:00,AAWW
67.25,68.300003,67.050003,68.25,68.25,198300.0,2017-10-03T00:00:00,AAWW
68.25,68.690002,67.300003,68.050003,68.050003,250900.0,2017-10-04T00:00:00,AAWW
67.900002,68.089996,66.550003,66.900002,66.900002,270500.0,2017-10-05T00:00:00,AAWW
67.050003,67.550003,65.010002,66.0,66.0,267100.0,2017-10-06T00:00:00,AAWW
66.0,66.5,64.050003,64.300003,64.300003,209400.0,2017-10-09T00:00:00,AAWW
64.949997,65.650002,63.849998,65.099998,65.099998,221000.0,2017-10-10T00:00:00,AAWW
65.199997,66.0,65.050003,65.699997,65.699997,245000.0,2017-10-11T00:00:00,AAWW
65.449997,66.25,65.150002,65.900002,65.900002,138100.0,2017-10-12T00:00:00,AAWW
66.0,66.349998,65.0,65.300003,65.300003,176200.0,2017-10-13T00:00:00,AAWW
65.599998,65.599998,63.529999,64.699997,64.699997,229200.0,2017-10-16T00:00:00,AAWW
64.550003,64.849998,61.900002,61.950001,61.950001,243400.0,2017-10-17T00:00:00,AAWW
62.25,62.75,61.900002,62.5,62.5,181900.0,2017-10-18T00:00:00,AAWW
61.950001,63.049999,60.700001,63.0,63.0,206900.0,2017-10-19T00:00:00,AAWW
63.5,64.949997,63.450001,64.599998,64.599998,391200.0,2017-10-20T00:00:00,AAWW
64.550003,64.580002,63.400002,64.5,64.5,207800.0,2017-10-23T00:00:00,AAWW
64.699997,65.599998,63.650002,63.700001,63.700001,154000.0,2017-10-24T00:00:00,AAWW
63.599998,63.599998,62.349998,63.099998,63.099998,190400.0,2017-10-25T00:00:00,AAWW
63.349998,63.849998,62.75,62.849998,62.849998,114900.0,2017-10-26T00:00:00,AAWW
63.0,63.0,61.650002,62.25,62.25,219400.0,2017-10-27T00:00:00,AAWW
61.950001,61.950001,60.75,61.5,61.5,267000.0,2017-10-30T00:00:00,AAWW
61.700001,62.150002,61.150002,61.349998,61.349998,191400.0,2017-10-31T00:00:00,AAWW
61.950001,62.630001,60.75,61.700001,61.700001,243700.0,2017-11-01T00:00:00,AAWW
61.599998,61.849998,60.799999,61.23,61.23,328300.0,2017-11-02T00:00:00,AAWW
61.400002,61.400002,59.849998,60.349998,60.349998,218500.0,2017-11-03T00:00:00,AAWW
60.5,61.25,58.950001,60.849998,60.849998,296800.0,2017-11-06T00:00:00,AAWW
56.049999,57.849998,55.650002,56.049999,56.049999,984300.0,2017-11-07T00:00:00,AAWW
58.5,59.650002,57.099998,57.25,57.25,417300.0,2017-11-08T00:00:00,AAWW
56.599998,56.849998,54.599998,54.75,54.75,465500.0,2017-11-09T00:00:00,AAWW
54.549999,54.630001,52.599998,53.849998,53.849998,561200.0,2017-11-10T00:00:00,AAWW
53.299999,53.849998,51.91,53.75,53.75,264200.0,2017-11-13T00:00:00,AAWW
53.549999,54.5,52.650002,52.75,52.75,486600.0,2017-11-14T00:00:00,AAWW
52.099998,53.450001,52.099998,52.950001,52.950001,261800.0,2017-11-15T00:00:00,AAWW
53.349998,54.25,53.349998,53.700001,53.700001,144900.0,2017-11-16T00:00:00,AAWW
53.650002,53.950001,53.150002,53.549999,53.549999,121400.0,2017-11-17T00:00:00,AAWW
53.549999,53.900002,53.0,53.099998,53.099998,191300.0,2017-11-20T00:00:00,AAWW
53.349998,55.299999,53.25,55.099998,55.099998,235500.0,2017-11-21T00:00:00,AAWW
55.200001,55.599998,54.200001,54.5,54.5,130100.0,2017-11-22T00:00:00,AAWW
54.650002,54.849998,54.299999,54.849998,54.849998,76400.0,2017-11-24T00:00:00,AAWW
54.849998,55.25,53.580002,54.75,54.75,325500.0,2017-11-27T00:00:00,AAWW
54.900002,56.400002,54.650002,56.150002,56.150002,372400.0,2017-11-28T00:00:00,AAWW
56.200001,56.950001,56.0,56.400002,56.400002,249400.0,2017-11-29T00:00:00,AAWW
56.799999,58.400002,56.0,57.75,57.75,291900.0,2017-11-30T00:00:00,AAWW
57.950001,58.900002,57.099998,58.900002,58.900002,481500.0,2017-12-01T00:00:00,AAWW
59.849998,60.900002,57.75,58.0,58.0,415000.0,2017-12-04T00:00:00,AAWW
58.049999,58.549999,56.75,56.849998,56.849998,178000.0,2017-12-05T00:00:00,AAWW
56.75,57.349998,55.900002,56.5,56.5,120700.0,2017-12-06T00:00:00,AAWW
56.400002,57.380001,55.900002,57.349998,57.349998,189100.0,2017-12-07T00:00:00,AAWW
57.75,57.950001,56.799999,57.25,57.25,110800.0,2017-12-08T00:00:00,AAWW
57.099998,57.299999,56.099998,56.75,56.75,177400.0,2017-12-11T00:00:00,AAWW
56.700001,57.650002,56.650002,57.0,57.0,223300.0,2017-12-12T00:00:00,AAWW
57.299999,58.049999,57.099998,57.950001,57.950001,176700.0,2017-12-13T00:00:00,AAWW
57.900002,59.150002,56.950001,57.0,57.0,266000.0,2017-12-14T00:00:00,AAWW
57.049999,58.700001,57.049999,57.549999,57.549999,405600.0,2017-12-15T00:00:00,AAWW
58.0,58.700001,57.950001,58.200001,58.200001,127200.0,2017-12-18T00:00:00,AAWW
58.400002,58.91,57.830002,58.599998,58.599998,171200.0,2017-12-19T00:00:00,AAWW
59.049999,59.75,58.549999,59.25,59.25,135400.0,2017-12-20T00:00:00,AAWW
59.5,60.349998,58.900002,59.849998,59.849998,234700.0,2017-12-21T00:00:00,AAWW
59.799999,60.549999,59.599998,60.150002,60.150002,270700.0,2017-12-22T00:00:00,AAWW
60.099998,60.400002,59.650002,59.849998,59.849998,84600.0,2017-12-26T00:00:00,AAWW
59.950001,60.099998,59.049999,59.400002,59.400002,81700.0,2017-12-27T00:00:00,AAWW
59.299999,59.400002,58.5,59.150002,59.150002,104700.0,2017-12-28T00:00:00,AAWW
59.450001,59.75,58.599998,58.650002,58.650002,120100.0,2017-12-29T00:00:00,AAWW
58.599998,59.68,57.450001,57.950001,57.950001,333900.0,2018-01-02T00:00:00,AAWW
58.0,58.849998,57.709999,58.299999,58.299999,154600.0,2018-01-03T00:00:00,AAWW
58.799999,59.5,57.950001,59.25,59.25,382500.0,2018-01-04T00:00:00,AAWW
59.599998,59.900002,56.400002,56.549999,56.549999,317600.0,2018-01-05T00:00:00,AAWW
56.5,56.599998,55.700001,56.299999,56.299999,365300.0,2018-01-08T00:00:00,AAWW
56.599998,57.799999,55.75,57.299999,57.299999,408400.0,2018-01-09T00:00:00,AAWW
58.799999,62.0,58.400002,60.650002,60.650002,611400.0,2018-01-10T00:00:00,AAWW
60.849998,61.700001,60.150002,61.349998,61.349998,477100.0,2018-01-11T00:00:00,AAWW
61.549999,62.25,60.900002,62.049999,62.049999,518900.0,2018-01-12T00:00:00,AAWW
61.950001,62.799999,60.93,61.75,61.75,194300.0,2018-01-16T00:00:00,AAWW
62.200001,62.700001,61.349998,61.950001,61.950001,211100.0,2018-01-17T00:00:00,AAWW
61.900002,62.200001,60.799999,61.5,61.5,271400.0,2018-01-18T00:00:00,AAWW
61.5,62.599998,60.849998,62.049999,62.049999,252900.0,2018-01-19T00:00:00,AAWW
62.0,62.900002,61.299999,62.599998,62.599998,152500.0,2018-01-22T00:00:00,AAWW
62.349998,62.599998,61.400002,62.299999,62.299999,127800.0,2018-01-23T00:00:00,AAWW
62.400002,62.900002,60.950001,61.0,61.0,122000.0,2018-01-24T00:00:00,AAWW
61.099998,61.400002,58.950001,59.099998,59.099998,200800.0,2018-01-25T00:00:00,AAWW
59.299999,60.700001,58.849998,59.849998,59.849998,361200.0,2018-01-26T00:00:00,AAWW
59.099998,60.349998,58.950001,59.099998,59.099998,142800.0,2018-01-29T00:00:00,AAWW
58.299999,59.0,56.650002,57.5,57.5,304900.0,2018-01-30T00:00:00,AAWW
58.349998,58.349998,56.200001,56.299999,56.299999,243700.0,2018-01-31T00:00:00,AAWW
56.0,57.299999,55.700001,56.700001,56.700001,206700.0,2018-02-01T00:00:00,AAWW
56.299999,56.299999,54.450001,54.799999,54.799999,313400.0,2018-02-02T00:00:00,AAWW
54.5,55.200001,52.330002,52.75,52.75,321200.0,2018-02-05T00:00:00,AAWW
51.849998,54.150002,51.75,53.849998,53.849998,392800.0,2018-02-06T00:00:00,AAWW
53.599998,55.099998,53.299999,53.450001,53.450001,242700.0,2018-02-07T00:00:00,AAWW
53.650002,53.650002,51.700001,51.75,51.75,251400.0,2018-02-08T00:00:00,AAWW
52.150002,52.5,50.650002,52.0,52.0,329000.0,2018-02-09T00:00:00,AAWW
52.0,53.75,51.400002,53.5,53.5,291400.0,2018-02-12T00:00:00,AAWW
53.049999,54.299999,53.049999,54.0,54.0,199700.0,2018-02-13T00:00:00,AAWW
53.450001,54.849998,53.099998,54.75,54.75,172300.0,2018-02-14T00:00:00,AAWW
55.200001,55.599998,54.650002,55.549999,55.549999,250200.0,2018-02-15T00:00:00,AAWW
55.349998,56.75,55.25,55.349998,55.349998,241400.0,2018-02-16T00:00:00,AAWW
55.150002,55.5,54.25,54.75,54.75,263200.0,2018-02-20T00:00:00,AAWW
55.099998,56.25,54.470001,55.25,55.25,333100.0,2018-02-21T00:00:00,AAWW
58.0,65.370003,58.0,63.75,63.75,983500.0,2018-02-22T00:00:00,AAWW
64.400002,66.900002,63.5,63.950001,63.950001,418500.0,2018-02-23T00:00:00,AAWW
64.5,64.5,62.700001,62.950001,62.950001,311500.0,2018-02-26T00:00:00,AAWW
63.200001,63.75,61.43,61.75,61.75,292300.0,2018-02-27T00:00:00,AAWW
61.5,62.349998,60.75,60.849998,60.849998,343200.0,2018-02-28T00:00:00,AAWW
60.799999,61.599998,59.0,60.049999,60.049999,377700.0,2018-03-01T00:00:00,AAWW
59.450001,60.650002,59.0,60.25,60.25,203300.0,2018-03-02T00:00:00,AAWW
60.049999,60.599998,59.580002,60.299999,60.299999,142900.0,2018-03-05T00:00:00,AAWW
60.450001,61.439999,60.0,61.0,61.0,172600.0,2018-03-06T00:00:00,AAWW
60.400002,61.049999,60.0,60.599998,60.599998,157700.0,2018-03-07T00:00:00,AAWW
61.0,61.25,59.700001,60.549999,60.549999,234600.0,2018-03-08T00:00:00,AAWW
60.900002,62.049999,60.549999,61.549999,61.549999,187700.0,2018-03-09T00:00:00,AAWW
60.849998,62.549999,60.700001,61.299999,61.299999,201400.0,2018-03-12T00:00:00,AAWW
61.799999,62.599998,61.700001,62.349998,62.349998,188500.0,2018-03-13T00:00:00,AAWW
62.400002,62.950001,61.799999,62.849998,62.849998,179500.0,2018-03-14T00:00:00,AAWW
62.700001,63.25,62.16,62.799999,62.799999,199600.0,2018-03-15T00:00:00,AAWW
62.75,64.449997,62.5,64.199997,64.199997,371400.0,2018-03-16T00:00:00,AAWW
64.050003,64.349998,62.700001,63.650002,63.650002,196100.0,2018-03-19T00:00:00,AAWW
63.900002,64.449997,63.5,64.0,64.0,133300.0,2018-03-20T00:00:00,AAWW
64.050003,64.75,63.5,63.5,63.5,182600.0,2018-03-21T00:00:00,AAWW
62.75,63.049999,60.950001,61.650002,61.650002,341300.0,2018-03-22T00:00:00,AAWW
61.599998,61.709999,58.650002,58.950001,58.950001,477300.0,2018-03-23T00:00:00,AAWW
59.299999,61.0,58.900002,60.0,60.0,198700.0,2018-03-26T00:00:00,AAWW
60.349998,60.349998,58.75,59.049999,59.049999,241300.0,2018-03-27T00:00:00,AAWW
59.150002,59.5,58.349998,59.25,59.25,145700.0,2018-03-28T00:00:00,AAWW
59.599998,61.200001,59.5,60.450001,60.450001,332000.0,2018-03-29T00:00:00,AAWW
59.849998,60.299999,58.349998,58.950001,58.950001,142000.0,2018-04-02T00:00:00,AAWW
59.450001,61.549999,59.450001,60.650002,60.650002,186200.0,2018-04-03T00:00:00,AAWW
59.75,61.549999,58.950001,61.200001,61.200001,189400.0,2018-04-04T00:00:00,AAWW
61.599998,63.400002,60.630001,63.0,63.0,210000.0,2018-04-05T00:00:00,AAWW
62.450001,63.169998,60.25,60.75,60.75,154900.0,2018-04-06T00:00:00,AAWW
61.25,61.549999,59.849998,59.950001,59.950001,128900.0,2018-04-09T00:00:00,AAWW
60.900002,62.650002,60.900002,62.099998,62.099998,181600.0,2018-04-10T00:00:00,AAWW
61.900002,62.349998,61.25,61.700001,61.700001,99400.0,2018-04-11T00:00:00,AAWW
62.25,63.650002,61.549999,62.849998,62.849998,180600.0,2018-04-12T00:00:00,AAWW
63.349998,63.849998,63.200001,63.299999,63.299999,163100.0,2018-04-13T00:00:00,AAWW
63.25,65.449997,63.200001,64.5,64.5,284300.0,2018-04-16T00:00:00,AAWW
64.900002,64.900002,61.700001,63.25,63.25,408900.0,2018-04-17T00:00:00,AAWW
63.650002,64.449997,63.400002,63.799999,63.799999,235400.0,2018-04-18T00:00:00,AAWW
63.75,64.650002,62.75,63.75,63.75,276400.0,2018-04-19T00:00:00,AAWW
63.900002,64.849998,63.5,64.099998,64.099998,163000.0,2018-04-20T00:00:00,AAWW
64.0,64.150002,63.189999,63.650002,63.650002,86500.0,2018-04-23T00:00:00,AAWW
63.900002,64.550003,62.299999,63.25,63.25,116100.0,2018-04-24T00:00:00,AAWW
63.299999,63.900002,62.700001,63.799999,63.799999,135000.0,2018-04-25T00:00:00,AAWW
63.950001,63.950001,61.849998,63.049999,63.049999,117500.0,2018-04-26T00:00:00,AAWW
63.200001,63.549999,62.5,63.450001,63.450001,63600.0,2018-04-27T00:00:00,AAWW
63.200001,63.849998,63.0,63.400002,63.400002,175300.0,2018-04-30T00:00:00,AAWW
63.25,63.900002,62.700001,63.599998,63.599998,332400.0,2018-05-01T00:00:00,AAWW
63.900002,63.900002,62.150002,62.75,62.75,397100.0,2018-05-02T00:00:00,AAWW
63.299999,68.0,63.299999,67.400002,67.400002,983300.0,2018-05-03T00:00:00,AAWW
67.5,67.699997,65.0,67.150002,67.150002,308500.0,2018-05-04T00:00:00,AAWW
67.25,67.849998,67.050003,67.75,67.75,172100.0,2018-05-07T00:00:00,AAWW
67.400002,68.550003,67.25,68.050003,68.050003,395800.0,2018-05-08T00:00:00,AAWW
68.349998,69.0,67.900002,68.550003,68.550003,206600.0,2018-05-09T00:00:00,AAWW
68.800003,69.330002,68.349998,68.449997,68.449997,181200.0,2018-05-10T00:00:00,AAWW
68.599998,69.199997,67.25,68.050003,68.050003,134500.0,2018-05-11T00:00:00,AAWW
67.900002,68.650002,67.150002,67.599998,67.599998,158400.0,2018-05-14T00:00:00,AAWW
67.199997,68.599998,67.099998,68.449997,68.449997,218700.0,2018-05-15T00:00:00,AAWW
68.599998,70.0,68.400002,69.400002,69.400002,326100.0,2018-05-16T00:00:00,AAWW
69.25,69.800003,68.699997,69.25,69.25,198100.0,2018-05-17T00:00:00,AAWW
69.25,69.75,68.900002,69.199997,69.199997,132100.0,2018-05-18T00:00:00,AAWW
69.400002,69.949997,69.050003,69.25,69.25,152300.0,2018-05-21T00:00:00,AAWW
69.300003,69.650002,68.300003,68.5,68.5,103700.0,2018-05-22T00:00:00,AAWW
68.349998,68.349998,66.599998,67.900002,67.900002,118500.0,2018-05-23T00:00:00,AAWW
68.300003,68.349998,67.349998,68.150002,68.150002,117400.0,2018-05-24T00:00:00,AAWW
68.150002,69.199997,66.970001,68.800003,68.800003,192700.0,2018-05-25T00:00:00,AAWW
68.150002,70.849998,67.400002,68.550003,68.550003,286100.0,2018-05-29T00:00:00,AAWW
69.050003,69.949997,68.599998,68.800003,68.800003,200700.0,2018-05-30T00:00:00,AAWW
68.949997,69.199997,67.599998,68.150002,68.150002,171400.0,2018-05-31T00:00:00,AAWW
68.800003,69.900002,68.0,69.300003,69.300003,235900.0,2018-06-01T00:00:00,AAWW
69.300003,70.529999,68.550003,70.300003,70.300003,233400.0,2018-06-04T00:00:00,AAWW
70.300003,72.0,70.150002,71.800003,71.800003,216600.0,2018-06-05T00:00:00,AAWW
72.0,73.0,72.0,72.400002,72.400002,187400.0,2018-06-06T00:00:00,AAWW
72.599998,72.599998,70.5,71.0,71.0,171400.0,2018-06-07T00:00:00,AAWW
70.949997,71.349998,70.550003,70.900002,70.900002,116800.0,2018-06-08T00:00:00,AAWW
71.199997,74.75,71.099998,74.0,74.0,1267900.0,2018-06-11T00:00:00,AAWW
73.849998,75.290001,72.599998,74.0,74.0,266000.0,2018-06-12T00:00:00,AAWW
73.849998,73.849998,72.5,72.900002,72.900002,137500.0,2018-06-13T00:00:00,AAWW
73.300003,73.910004,72.5,72.849998,72.849998,121900.0,2018-06-14T00:00:00,AAWW
72.599998,72.900002,71.709999,72.849998,72.849998,225600.0,2018-06-15T00:00:00,AAWW
72.5,73.400002,72.150002,73.400002,73.400002,131100.0,2018-06-18T00:00:00,AAWW
72.75,74.75,70.75,72.550003,72.550003,528000.0,2018-06-19T00:00:00,AAWW
73.0,74.349998,72.5,74.0,74.0,586400.0,2018-06-20T00:00:00,AAWW
74.5,74.75,73.150002,74.0,74.0,230700.0,2018-06-21T00:00:00,AAWW
74.550003,74.599998,72.050003,73.550003,73.550003,419900.0,2018-06-22T00:00:00,AAWW
73.449997,75.0,69.300003,70.949997,70.949997,532800.0,2018-06-25T00:00:00,AAWW
71.349998,71.349998,68.650002,69.849998,69.849998,231400.0,2018-06-26T00:00:00,AAWW
70.150002,71.099998,68.949997,69.099998,69.099998,181800.0,2018-06-27T00:00:00,AAWW
69.150002,70.970001,68.099998,70.349998,70.349998,212200.0,2018-06-28T00:00:00,AAWW
71.349998,72.25,71.25,71.699997,71.699997,207200.0,2018-06-29T00:00:00,AAWW
70.75,72.43,70.75,72.0,72.0,185800.0,2018-07-02T00:00:00,AAWW
72.300003,72.870003,70.949997,71.5,71.5,97500.0,2018-07-03T00:00:00,AAWW
72.099998,72.300003,70.650002,71.449997,71.449997,263900.0,2018-07-05T00:00:00,AAWW
71.800003,71.800003,70.75,71.449997,71.449997,96000.0,2018-07-06T00:00:00,AAWW
72.150002,73.050003,71.599998,72.550003,72.550003,183900.0,2018-07-09T00:00:00,AAWW
72.949997,73.150002,71.199997,71.5,71.5,149600.0,2018-07-10T00:00:00,AAWW
71.199997,71.300003,69.550003,70.400002,70.400002,294200.0,2018-07-11T00:00:00,AAWW
70.400002,70.849998,69.050003,69.550003,69.550003,236600.0,2018-07-12T00:00:00,AAWW
69.300003,71.449997,68.660004,70.5,70.5,193700.0,2018-07-13T00:00:00,AAWW
70.25,71.199997,68.150002,68.349998,68.349998,256900.0,2018-07-16T00:00:00,AAWW
68.099998,69.349998,67.529999,69.099998,69.099998,239400.0,2018-07-17T00:00:00,AAWW
69.650002,70.599998,69.5,70.550003,70.550003,182400.0,2018-07-18T00:00:00,AAWW
70.449997,70.449997,69.050003,69.25,69.25,351700.0,2018-07-19T00:00:00,AAWW
69.199997,69.5,68.599998,69.0,69.0,221200.0,2018-07-20T00:00:00,AAWW
68.75,69.050003,68.25,68.599998,68.599998,176400.0,2018-07-23T00:00:00,AAWW
69.150002,69.25,67.0,67.849998,67.849998,255700.0,2018-07-24T00:00:00,AAWW
67.800003,68.949997,67.150002,67.650002,67.650002,400900.0,2018-07-25T00:00:00,AAWW
68.050003,68.900002,67.599998,67.800003,67.800003,203000.0,2018-07-26T00:00:00,AAWW
68.050003,68.449997,66.75,67.25,67.25,179100.0,2018-07-27T00:00:00,AAWW
67.050003,68.5,65.550003,65.599998,65.599998,466600.0,2018-07-30T00:00:00,AAWW
65.650002,67.099998,65.650002,67.050003,67.050003,590800.0,2018-07-31T00:00:00,AAWW
67.050003,68.080002,65.800003,67.5,67.5,250600.0,2018-08-01T00:00:00,AAWW
69.25,69.800003,63.650002,64.650002,64.650002,561900.0,2018-08-02T00:00:00,AAWW
69.25,69.25,62.900002,63.099998,63.099998,344600.0,2018-08-03T00:00:00,AAWW
63.25,64.300003,62.450001,63.650002,63.650002,332700.0,2018-08-06T00:00:00,AAWW
64.0,64.050003,62.299999,62.330002,62.330002,244600.0,2018-08-07T00:00:00,AAWW
62.5,63.099998,61.450001,61.799999,61.799999,255200.0,2018-08-08T00:00:00,AAWW
61.799999,62.080002,61.549999,61.68,61.68,207700.0,2018-08-09T00:00:00,AAWW
61.400002,61.950001,60.529999,60.599998,60.599998,294400.0,2018-08-10T00:00:00,AAWW
60.700001,60.950001,59.5,60.200001,60.200001,285100.0,2018-08-13T00:00:00,AAWW
60.25,60.900002,59.700001,59.900002,59.900002,135300.0,2018-08-14T00:00:00,AAWW
59.700001,59.950001,58.299999,58.450001,58.450001,574800.0,2018-08-15T00:00:00,AAWW
58.549999,60.200001,58.400002,59.880001,59.880001,237400.0,2018-08-16T00:00:00,AAWW
59.799999,60.299999,58.849998,60.25,60.25,168100.0,2018-08-17T00:00:00,AAWW
60.400002,61.5,60.0,61.200001,61.200001,186200.0,2018-08-20T00:00:00,AAWW
61.349998,62.650002,61.349998,62.200001,62.200001,359900.0,2018-08-21T00:00:00,AAWW
62.150002,62.560001,60.650002,60.799999,60.799999,180500.0,2018-08-22T00:00:00,AAWW
60.700001,61.400002,60.279999,61.400002,61.400002,217600.0,2018-08-23T00:00:00,AAWW
61.799999,62.549999,61.700001,62.049999,62.049999,212300.0,2018-08-24T00:00:00,AAWW
62.200001,63.150002,61.849998,62.25,62.25,130000.0,2018-08-27T00:00:00,AAWW
62.599998,62.950001,61.75,62.049999,62.049999,76800.0,2018-08-28T00:00:00,AAWW
62.25,62.450001,61.950001,62.099998,62.099998,261400.0,2018-08-29T00:00:00,AAWW
61.950001,62.099998,60.700001,61.549999,61.549999,165600.0,2018-08-30T00:00:00,AAWW
61.549999,62.0,60.700001,60.900002,60.900002,194300.0,2018-08-31T00:00:00,AAWW
61.150002,62.5,60.25,61.25,61.25,208100.0,2018-09-04T00:00:00,AAWW
61.299999,62.049999,60.950001,61.849998,61.849998,158200.0,2018-09-05T00:00:00,AAWW
61.799999,62.5,61.099998,62.150002,62.150002,161100.0,2018-09-06T00:00:00,AAWW
61.950001,62.400002,60.799999,61.75,61.75,145700.0,2018-09-07T00:00:00,AAWW
61.700001,64.0,61.549999,63.5,63.5,284600.0,2018-09-10T00:00:00,AAWW
63.450001,64.099998,62.299999,64.0,64.0,251600.0,2018-09-11T00:00:00,AAWW
63.950001,65.050003,63.900002,64.449997,64.449997,255600.0,2018-09-12T00:00:00,AAWW
64.699997,64.699997,62.849998,63.650002,63.650002,211400.0,2018-09-13T00:00:00,AAWW
63.650002,64.050003,62.700001,63.900002,63.900002,214500.0,2018-09-14T00:00:00,AAWW
63.900002,63.900002,63.150002,63.549999,63.549999,328100.0,2018-09-17T00:00:00,AAWW
63.549999,63.950001,62.700001,63.349998,63.349998,231200.0,2018-09-18T00:00:00,AAWW
63.200001,64.300003,61.290001,63.650002,63.650002,292400.0,2018-09-19T00:00:00,AAWW
64.0,65.150002,63.950001,64.550003,64.550003,355900.0,2018-09-20T00:00:00,AAWW
64.75,64.849998,63.299999,63.349998,63.349998,373100.0,2018-09-21T00:00:00,AAWW
63.25,64.199997,61.0,62.349998,62.349998,320200.0,2018-09-24T00:00:00,AAWW
62.450001,62.799999,61.900002,62.599998,62.599998,370300.0,2018-09-25T00:00:00,AAWW
62.549999,64.349998,62.349998,63.450001,63.450001,211500.0,2018-09-26T00:00:00,AAWW
63.400002,63.900002,63.25,63.549999,63.549999,123500.0,2018-09-27T00:00:00,AAWW
63.5,64.599998,63.5,63.75,63.75,181300.0,2018-09-28T00:00:00,AAWW
63.990002,64.470001,61.73,62.040001,62.040001,154500.0,2018-10-01T00:00:00,AAWW
61.84,62.59,61.830002,62.080002,62.080002,122500.0,2018-10-02T00:00:00,AAWW
62.369999,63.23,61.919998,63.029999,63.029999,141900.0,2018-10-03T00:00:00,AAWW
63.02,63.380001,61.939999,62.240002,62.240002,167500.0,2018-10-04T00:00:00,AAWW
60.59,61.080002,59.439999,59.77,59.77,237500.0,2018-10-05T00:00:00,AAWW
59.299999,59.84,58.419998,59.52,59.52,224100.0,2018-10-08T00:00:00,AAWW
59.43,59.759998,55.75,55.950001,55.950001,564500.0,2018-10-09T00:00:00,AAWW
55.959999,56.200001,52.91,53.720001,53.720001,566300.0,2018-10-10T00:00:00,AAWW
54.040001,54.099998,52.029999,52.080002,52.080002,397300.0,2018-10-11T00:00:00,AAWW
53.43,53.91,51.849998,53.130001,53.130001,443200.0,2018-10-12T00:00:00,AAWW
53.099998,53.43,52.57,52.860001,52.860001,226300.0,2018-10-15T00:00:00,AAWW
53.25,54.139999,51.880001,53.799999,53.799999,308600.0,2018-10-16T00:00:00,AAWW
53.830002,53.830002,52.720001,53.580002,53.580002,183800.0,2018-10-17T00:00:00,AAWW
53.400002,53.400002,52.060001,52.48,52.48,272400.0,2018-10-18T00:00:00,AAWW
52.41,52.919998,51.84,52.48,52.48,189500.0,2018-10-19T00:00:00,AAWW
52.5,52.650002,51.919998,52.470001,52.470001,434800.0,2018-10-22T00:00:00,AAWW
51.549999,51.830002,50.419998,51.32,51.32,237600.0,2018-10-23T00:00:00,AAWW
51.169998,51.759998,48.540001,48.639999,48.639999,361600.0,2018-10-24T00:00:00,AAWW
48.189999,50.860001,48.189999,50.27,50.27,343600.0,2018-10-25T00:00:00,AAWW
49.380001,50.990002,48.529999,50.709999,50.709999,322300.0,2018-10-26T00:00:00,AAWW
51.779999,52.439999,48.82,49.290001,49.290001,158000.0,2018-10-29T00:00:00,AAWW
49.380001,50.59,48.299999,48.799999,48.799999,397900.0,2018-10-30T00:00:00,AAWW
49.080002,52.09,49.049999,51.619999,51.619999,500600.0,2018-10-31T00:00:00,AAWW
52.0,54.5,49.310001,53.799999,53.799999,750100.0,2018-11-01T00:00:00,AAWW
53.5,56.299999,53.5,55.209999,55.209999,518900.0,2018-11-02T00:00:00,AAWW
55.200001,56.02,54.25,54.73,54.73,339600.0,2018-11-05T00:00:00,AAWW
54.509998,55.459999,53.700001,54.939999,54.939999,149900.0,2018-11-06T00:00:00,AAWW
55.150002,57.700001,54.799999,57.080002,57.080002,285200.0,2018-11-07T00:00:00,AAWW
56.919998,56.919998,55.639999,56.169998,56.169998,117900.0,2018-11-08T00:00:00,AAWW
55.889999,55.939999,54.34,54.439999,54.439999,201200.0,2018-11-09T00:00:00,AAWW
54.049999,54.189999,53.150002,53.259998,53.259998,207200.0,2018-11-12T00:00:00,AAWW
54.0,55.5,53.52,54.82,54.82,191300.0,2018-11-13T00:00:00,AAWW
55.34,56.23,53.75,54.34,54.34,123700.0,2018-11-14T00:00:00,AAWW
54.09,55.360001,53.169998,55.23,55.23,625800.0,2018-11-15T00:00:00,AAWW
54.82,54.98,53.400002,54.169998,54.169998,309000.0,2018-11-16T00:00:00,AAWW
54.139999,54.41,52.450001,52.75,52.75,237100.0,2018-11-19T00:00:00,AAWW
51.860001,52.400002,50.349998,50.43,50.43,342900.0,2018-11-20T00:00:00,AAWW
50.689999,51.459999,50.18,50.349998,50.349998,218600.0,2018-11-21T00:00:00,AAWW
49.900002,52.169998,49.02,50.66,50.66,108400.0,2018-11-23T00:00:00,AAWW
51.130001,52.189999,50.610001,51.509998,51.509998,177800.0,2018-11-26T00:00:00,AAWW
51.330002,51.82,50.470001,51.23,51.23,155200.0,2018-11-27T00:00:00,AAWW
51.380001,53.689999,50.75,53.490002,53.490002,261900.0,2018-11-28T00:00:00,AAWW
53.25,53.439999,52.130001,52.68,52.68,319600.0,2018-11-29T00:00:00,AAWW
52.450001,53.639999,52.450001,53.25,53.25,165800.0,2018-11-30T00:00:00,AAWW
53.580002,54.889999,53.580002,54.52,54.52,224800.0,2018-12-03T00:00:00,AAWW
54.0,54.23,50.650002,50.77,50.77,227600.0,2018-12-04T00:00:00,AAWW
49.919998,51.889999,49.099998,51.830002,51.830002,205200.0,2018-12-06T00:00:00,AAWW
51.84,52.779999,49.849998,50.099998,50.099998,238600.0,2018-12-07T00:00:00,AAWW
50.099998,50.099998,47.5,48.57,48.57,288300.0,2018-12-10T00:00:00,AAWW
49.389999,49.799999,47.119999,47.810001,47.810001,330700.0,2018-12-11T00:00:00,AAWW
48.599998,49.529999,48.119999,48.580002,48.580002,319300.0,2018-12-12T00:00:00,AAWW
48.709999,50.040001,46.049999,46.529999,46.529999,247400.0,2018-12-13T00:00:00,AAWW
45.689999,46.040001,45.009998,45.25,45.25,393900.0,2018-12-14T00:00:00,AAWW
45.0,45.029999,42.450001,42.630001,42.630001,418000.0,2018-12-17T00:00:00,AAWW
43.139999,43.5,41.98,42.119999,42.119999,441500.0,2018-12-18T00:00:00,AAWW
41.830002,41.860001,39.009998,39.18,39.18,744000.0,2018-12-19T00:00:00,AAWW
39.150002,39.860001,38.290001,38.77,38.77,420900.0,2018-12-20T00:00:00,AAWW
38.950001,39.75,36.849998,36.849998,36.849998,822900.0,2018-12-21T00:00:00,AAWW
36.669998,38.07,35.59,37.310001,37.310001,182100.0,2018-12-24T00:00:00,AAWW
37.700001,40.970001,37.52,40.939999,40.939999,623500.0,2018-12-26T00:00:00,AAWW
40.490002,42.48,40.0,42.470001,42.470001,359400.0,2018-12-27T00:00:00,AAWW
42.669998,43.119999,40.790001,41.380001,41.380001,243200.0,2018-12-28T00:00:00,AAWW
41.82,42.419998,40.880001,42.189999,42.189999,247400.0,2018-12-31T00:00:00,AAWW
41.279999,42.700001,40.700001,41.709999,41.709999,442900.0,2019-01-02T00:00:00,AAWW
41.200001,42.400002,39.880001,40.610001,40.610001,290900.0,2019-01-03T00:00:00,AAWW
41.139999,42.77,41.110001,41.900002,41.900002,248000.0,2019-01-04T00:00:00,AAWW
42.130001,43.43,41.650002,42.810001,42.810001,209600.0,2019-01-07T00:00:00,AAWW
43.459999,44.259998,42.790001,43.68,43.68,298600.0,2019-01-08T00:00:00,AAWW
43.970001,47.119999,43.970001,46.91,46.91,485300.0,2019-01-09T00:00:00,AAWW
46.349998,47.799999,46.02,47.709999,47.709999,190900.0,2019-01-10T00:00:00,AAWW
47.43,48.790001,43.970001,48.549999,48.549999,317800.0,2019-01-11T00:00:00,AAWW
47.849998,48.860001,47.5,47.700001,47.700001,213700.0,2019-01-14T00:00:00,AAWW
47.799999,48.220001,47.0,47.77,47.77,279000.0,2019-01-15T00:00:00,AAWW
48.0,49.080002,47.57,47.939999,47.939999,204700.0,2019-01-16T00:00:00,AAWW
47.549999,49.330002,47.41,49.150002,49.150002,248900.0,2019-01-17T00:00:00,AAWW
49.419998,50.91,49.27,50.549999,50.549999,321100.0,2019-01-18T00:00:00,AAWW
50.150002,50.59,49.369999,50.220001,50.220001,300700.0,2019-01-22T00:00:00,AAWW
50.349998,50.57,49.25,49.650002,49.650002,270700.0,2019-01-23T00:00:00,AAWW
49.84,50.990002,49.720001,50.759998,50.759998,188100.0,2019-01-24T00:00:00,AAWW
51.189999,51.990002,50.959999,51.299999,51.299999,141200.0,2019-01-25T00:00:00,AAWW
50.549999,51.93,50.5,51.290001,51.290001,179000.0,2019-01-28T00:00:00,AAWW
51.490002,51.5,50.84,51.310001,51.310001,162800.0,2019-01-29T00:00:00,AAWW
51.490002,52.91,50.299999,52.889999,52.889999,339200.0,2019-01-30T00:00:00,AAWW
52.799999,54.130001,52.75,53.220001,53.220001,464200.0,2019-01-31T00:00:00,AAWW
53.549999,54.93,53.209999,53.509998,53.509998,387500.0,2019-02-01T00:00:00,AAWW
53.490002,54.580002,53.049999,54.52,54.52,313800.0,2019-02-04T00:00:00,AAWW
54.5,54.5,53.049999,54.02,54.02,205300.0,2019-02-05T00:00:00,AAWW
54.080002,54.41,52.490002,52.650002,52.650002,285200.0,2019-02-06T00:00:00,AAWW
52.470001,52.540001,50.869999,51.209999,51.209999,331000.0,2019-02-07T00:00:00,AAWW
51.119999,51.669998,50.25,51.580002,51.580002,226000.0,2019-02-08T00:00:00,AAWW
51.560001,53.380001,50.970001,53.25,53.25,304900.0,2019-02-11T00:00:00,AAWW
53.599998,54.700001,53.540001,54.279999,54.279999,229400.0,2019-02-12T00:00:00,AAWW
54.459999,54.799999,53.610001,53.799999,53.799999,166800.0,2019-02-13T00:00:00,AAWW
53.630001,54.66,52.880001,54.279999,54.279999,257800.0,2019-02-14T00:00:00,AAWW
54.349998,54.869999,53.939999,54.23,54.23,348000.0,2019-02-15T00:00:00,AAWW
57.32,59.939999,56.009998,58.380001,58.380001,915100.0,2019-02-19T00:00:00,AAWW
59.599998,60.450001,58.09,60.310001,60.310001,347600.0,2019-02-20T00:00:00,AAWW
60.689999,60.720001,59.169998,59.41,59.41,303600.0,2019-02-21T00:00:00,AAWW
59.610001,59.610001,58.029999,58.900002,58.900002,236800.0,2019-02-22T00:00:00,AAWW
55.919998,57.220001,55.259998,55.509998,55.509998,783800.0,2019-02-25T00:00:00,AAWW
55.389999,56.119999,54.889999,54.939999,54.939999,293200.0,2019-02-26T00:00:00,AAWW
54.93,55.259998,54.23,54.540001,54.540001,257600.0,2019-02-27T00:00:00,AAWW
54.529999,54.549999,53.700001,53.740002,53.740002,242100.0,2019-02-28T00:00:00,AAWW
54.189999,54.540001,53.259998,54.0,54.0,345600.0,2019-03-01T00:00:00,AAWW
54.139999,54.919998,51.540001,51.919998,51.919998,382900.0,2019-03-04T00:00:00,AAWW
51.66,51.830002,50.599998,51.290001,51.290001,528700.0,2019-03-05T00:00:00,AAWW
51.419998,51.889999,49.919998,49.93,49.93,308500.0,2019-03-06T00:00:00,AAWW
49.830002,50.27,48.639999,49.040001,49.040001,239800.0,2019-03-07T00:00:00,AAWW
48.400002,49.23,48.279999,48.93,48.93,171200.0,2019-03-08T00:00:00,AAWW
49.130001,50.560001,48.990002,49.189999,49.189999,397700.0,2019-03-11T00:00:00,AAWW
49.290001,49.77,49.009998,49.299999,49.299999,150300.0,2019-03-12T00:00:00,AAWW
49.529999,50.400002,49.52,49.82,49.82,308900.0,2019-03-13T00:00:00,AAWW
49.779999,50.68,49.450001,50.459999,50.459999,185100.0,2019-03-14T00:00:00,AAWW
50.549999,51.43,49.490002,49.57,49.57,372200.0,2019-03-15T00:00:00,AAWW
50.029999,50.200001,49.299999,49.889999,49.889999,265100.0,2019-03-18T00:00:00,AAWW
50.16,50.16,48.799999,49.060001,49.060001,278900.0,2019-03-19T00:00:00,AAWW
48.700001,49.389999,47.330002,47.959999,47.959999,310200.0,2019-03-20T00:00:00,AAWW
47.619999,49.560001,47.509998,49.029999,49.029999,223800.0,2019-03-21T00:00:00,AAWW
48.560001,48.700001,46.580002,46.700001,46.700001,297600.0,2019-03-22T00:00:00,AAWW
46.650002,47.900002,46.16,46.509998,46.509998,191800.0,2019-03-25T00:00:00,AAWW
46.939999,47.75,46.779999,47.450001,47.450001,154600.0,2019-03-26T00:00:00,AAWW
47.48,48.27,46.700001,47.700001,47.700001,309900.0,2019-03-27T00:00:00,AAWW
47.82,49.200001,47.150002,48.220001,48.220001,286800.0,2019-03-28T00:00:00,AAWW
49.119999,51.75,49.040001,50.560001,50.560001,535600.0,2019-03-29T00:00:00,AAWW
51.209999,51.799999,51.02,51.360001,51.360001,206200.0,2019-04-01T00:00:00,AAWW
51.599998,51.639999,50.099998,50.549999,50.549999,326400.0,2019-04-02T00:00:00,AAWW
51.040001,51.970001,50.299999,50.450001,50.450001,282600.0,2019-04-03T00:00:00,AAWW
50.540001,51.459999,50.029999,50.889999,50.889999,284900.0,2019-04-04T00:00:00,AAWW
50.880001,51.119999,50.139999,50.490002,50.490002,281800.0,2019-04-05T00:00:00,AAWW
50.389999,50.73,50.130001,50.490002,50.490002,184800.0,2019-04-08T00:00:00,AAWW
50.200001,50.209999,48.639999,49.110001,49.110001,295600.0,2019-04-09T00:00:00,AAWW
49.400002,49.720001,48.369999,49.490002,49.490002,188900.0,2019-04-10T00:00:00,AAWW
49.689999,50.419998,49.52,50.209999,50.209999,188400.0,2019-04-11T00:00:00,AAWW
50.66,51.860001,50.349998,51.599998,51.599998,616700.0,2019-04-12T00:00:00,AAWW
51.560001,51.990002,49.580002,49.73,49.73,195100.0,2019-04-15T00:00:00,AAWW
49.689999,50.290001,48.720001,50.099998,50.099998,258100.0,2019-04-16T00:00:00,AAWW
50.509998,50.650002,49.560001,49.919998,49.919998,150500.0,2019-04-17T00:00:00,AAWW
50.130001,50.549999,49.66,50.060001,50.060001,93700.0,2019-04-18T00:00:00,AAWW
49.790001,49.889999,48.650002,49.07,49.07,178300.0,2019-04-22T00:00:00,AAWW
49.060001,50.060001,48.599998,49.689999,49.689999,88900.0,2019-04-23T00:00:00,AAWW
49.689999,50.150002,49.169998,49.610001,49.610001,198200.0,2019-04-24T00:00:00,AAWW
49.41,49.52,47.639999,47.790001,47.790001,252600.0,2019-04-25T00:00:00,AAWW
47.709999,48.220001,47.0,48.150002,48.150002,167700.0,2019-04-26T00:00:00,AAWW
48.310001,49.099998,47.810001,48.919998,48.919998,297900.0,2019-04-29T00:00:00,AAWW
48.740002,49.09,48.0,48.290001,48.290001,204000.0,2019-04-30T00:00:00,AAWW
47.5,49.66,46.310001,47.59,47.59,762500.0,2019-05-01T00:00:00,AAWW
47.080002,47.669998,44.91,45.91,45.91,629000.0,2019-05-02T00:00:00,AAWW
45.900002,47.029999,44.950001,46.849998,46.849998,494400.0,2019-05-03T00:00:00,AAWW
45.52,45.98,44.82,44.950001,44.950001,316900.0,2019-05-06T00:00:00,AAWW
44.43,44.610001,43.040001,43.66,43.66,377400.0,2019-05-07T00:00:00,AAWW
43.41,43.970001,43.119999,43.130001,43.130001,268100.0,2019-05-08T00:00:00,AAWW
42.540001,42.970001,42.060001,42.209999,42.209999,204800.0,2019-05-09T00:00:00,AAWW
41.91,42.650002,40.849998,41.75,41.75,230600.0,2019-05-10T00:00:00,AAWW
40.68,41.509998,40.110001,40.48,40.48,356900.0,2019-05-13T00:00:00,AAWW
40.610001,41.310001,40.57,40.73,40.73,240400.0,2019-05-14T00:00:00,AAWW
40.34,40.349998,39.610001,40.259998,40.259998,241200.0,2019-05-15T00:00:00,AAWW
40.470001,41.380001,40.310001,41.259998,41.259998,213300.0,2019-05-16T00:00:00,AAWW
40.720001,41.349998,39.889999,39.900002,39.900002,150300.0,2019-05-17T00:00:00,AAWW
39.540001,39.799999,38.880001,38.98,38.98,177200.0,2019-05-20T00:00:00,AAWW
39.330002,40.48,39.07,40.349998,40.349998,243000.0,2019-05-21T00:00:00,AAWW
39.950001,40.099998,38.799999,38.919998,38.919998,237100.0,2019-05-22T00:00:00,AAWW
38.450001,38.459999,37.790001,38.060001,38.060001,218500.0,2019-05-23T00:00:00,AAWW
38.73,39.139999,38.59,39.0,39.0,215800.0,2019-05-24T00:00:00,AAWW
39.07,39.459999,38.700001,38.869999,38.869999,267800.0,2019-05-28T00:00:00,AAWW
38.540001,38.759998,37.380001,37.509998,37.509998,461200.0,2019-05-29T00:00:00,AAWW
37.599998,38.060001,37.040001,37.779999,37.779999,351500.0,2019-05-30T00:00:00,AAWW
37.150002,37.27,35.040001,35.389999,35.389999,713300.0,2019-05-31T00:00:00,AAWW
35.419998,37.09,35.349998,37.009998,37.009998,329900.0,2019-06-03T00:00:00,AAWW
37.599998,39.82,37.599998,39.700001,39.700001,330500.0,2019-06-04T00:00:00,AAWW
39.700001,39.91,38.419998,38.619999,38.619999,338600.0,2019-06-05T00:00:00,AAWW
38.689999,38.82,37.549999,37.990002,37.990002,252200.0,2019-06-06T00:00:00,AAWW
38.189999,39.990002,38.029999,39.880001,39.880001,313200.0,2019-06-07T00:00:00,AAWW
40.27,41.419998,40.110001,40.299999,40.299999,262600.0,2019-06-10T00:00:00,AAWW
40.91,41.509998,40.419998,41.43,41.43,450100.0,2019-06-11T00:00:00,AAWW
41.259998,41.43,40.470001,40.580002,40.580002,340300.0,2019-06-12T00:00:00,AAWW
40.919998,42.110001,40.810001,42.099998,42.099998,218400.0,2019-06-13T00:00:00,AAWW
42.07,42.43,40.389999,40.830002,40.830002,160900.0,2019-06-14T00:00:00,AAWW
40.990002,41.139999,40.169998,40.27,40.27,246600.0,2019-06-17T00:00:00,AAWW
40.73,42.220001,40.630001,41.43,41.43,269900.0,2019-06-18T00:00:00,AAWW
41.43,41.950001,40.869999,41.77,41.77,346800.0,2019-06-19T00:00:00,AAWW
42.669998,42.869999,41.630001,41.93,41.93,220700.0,2019-06-20T00:00:00,AAWW
41.75,41.82,40.360001,40.619999,40.619999,256400.0,2019-06-21T00:00:00,AAWW
40.650002,41.41,39.27,39.52,39.52,218700.0,2019-06-24T00:00:00,AAWW
39.5,40.91,38.720001,40.41,40.41,342900.0,2019-06-25T00:00:00,AAWW
40.73,42.380001,40.73,41.970001,41.970001,245900.0,2019-06-26T00:00:00,AAWW
42.060001,43.619999,42.060001,43.599998,43.599998,230000.0,2019-06-27T00:00:00,AAWW
43.98,44.689999,43.0,44.639999,44.639999,365300.0,2019-06-28T00:00:00,AAWW
45.27,45.990002,43.810001,44.029999,44.029999,348000.0,2019-07-01T00:00:00,AAWW
44.049999,44.049999,41.310001,41.790001,41.790001,326100.0,2019-07-02T00:00:00,AAWW
41.93,42.450001,41.48,41.630001,41.630001,113000.0,2019-07-03T00:00:00,AAWW
41.43,42.540001,41.349998,42.32,42.32,162600.0,2019-07-05T00:00:00,AAWW
42.169998,42.389999,41.16,42.27,42.27,231500.0,2019-07-08T00:00:00,AAWW
42.080002,42.43,41.150002,41.669998,41.669998,245900.0,2019-07-09T00:00:00,AAWW
41.849998,42.619999,41.0,41.34,41.34,137400.0,2019-07-10T00:00:00,AAWW
41.470001,41.470001,40.310001,41.029999,41.029999,157900.0,2019-07-11T00:00:00,AAWW
41.099998,43.330002,41.099998,42.880001,42.880001,176800.0,2019-07-12T00:00:00,AAWW
42.810001,42.880001,41.73,42.34,42.34,125200.0,2019-07-15T00:00:00,AAWW
42.490002,43.650002,42.32,42.400002,42.400002,183400.0,2019-07-16T00:00:00,AAWW
42.139999,42.220001,41.119999,41.77,41.77,166700.0,2019-07-17T00:00:00,AAWW
41.630001,42.599998,41.369999,42.549999,42.549999,116700.0,2019-07-18T00:00:00,AAWW
42.560001,43.099998,42.490002,42.740002,42.740002,171400.0,2019-07-19T00:00:00,AAWW
42.900002,43.0,42.16,42.439999,42.439999,134100.0,2019-07-22T00:00:00,AAWW
42.73,44.119999,41.939999,43.93,43.93,149300.0,2019-07-23T00:00:00,AAWW
43.830002,45.459999,43.830002,45.34,45.34,146700.0,2019-07-24T00:00:00,AAWW
45.25,45.299999,43.349998,43.580002,43.580002,166100.0,2019-07-25T00:00:00,AAWW
43.799999,45.77,43.25,45.68,45.68,210400.0,2019-07-26T00:00:00,AAWW
45.560001,45.560001,43.580002,45.02,45.02,165400.0,2019-07-29T00:00:00,AAWW
44.990002,46.84,44.48,46.599998,46.599998,244000.0,2019-07-30T00:00:00,AAWW
46.389999,46.84,45.220001,45.650002,45.650002,406700.0,2019-07-31T00:00:00,AAWW
40.689999,40.700001,33.73,34.41,34.41,2439900.0,2019-08-01T00:00:00,AAWW
34.610001,35.130001,32.130001,32.75,32.75,961300.0,2019-08-02T00:00:00,AAWW
32.07,32.720001,30.82,31.02,31.02,630500.0,2019-08-05T00:00:00,AAWW
31.629999,32.380001,29.950001,30.48,30.48,589700.0,2019-08-06T00:00:00,AAWW
30.309999,30.309999,29.18,29.6,29.6,506200.0,2019-08-07T00:00:00,AAWW
29.57,30.92,29.370001,30.879999,30.879999,445700.0,2019-08-08T00:00:00,AAWW
30.790001,30.889999,29.0,29.08,29.08,286400.0,2019-08-09T00:00:00,AAWW
28.969999,29.0,27.98,28.0,28.0,372500.0,2019-08-12T00:00:00,AAWW
27.629999,29.629999,27.379999,28.450001,28.450001,407200.0,2019-08-13T00:00:00,AAWW
27.59,27.860001,26.120001,26.34,26.34,440200.0,2019-08-14T00:00:00,AAWW
26.35,26.639999,26.120001,26.370001,26.370001,482400.0,2019-08-15T00:00:00,AAWW
26.690001,27.049999,26.41,26.940001,26.940001,234000.0,2019-08-16T00:00:00,AAWW
27.690001,27.85,27.09,27.450001,27.450001,513000.0,2019-08-19T00:00:00,AAWW
27.360001,27.610001,26.459999,26.6,26.6,366900.0,2019-08-20T00:00:00,AAWW
26.83,27.27,26.65,26.700001,26.700001,257000.0,2019-08-21T00:00:00,AAWW
26.780001,27.049999,26.440001,26.629999,26.629999,204700.0,2019-08-22T00:00:00,AAWW
26.35,26.719999,25.34,25.75,25.75,699600.0,2019-08-23T00:00:00,AAWW
25.959999,26.469999,24.780001,24.969999,24.969999,476600.0,2019-08-26T00:00:00,AAWW
25.299999,25.389999,24.57,24.629999,24.629999,409700.0,2019-08-27T00:00:00,AAWW
24.530001,26.040001,24.459999,25.65,25.65,509000.0,2019-08-28T00:00:00,AAWW
25.870001,26.889999,25.870001,25.950001,25.950001,309100.0,2019-08-29T00:00:00,AAWW
26.309999,26.639999,25.75,25.85,25.85,219200.0,2019-08-30T00:00:00,AAWW
25.4,25.48,24.700001,24.969999,24.969999,381400.0,2019-09-03T00:00:00,AAWW
25.32,25.52,24.790001,25.299999,25.299999,309300.0,2019-09-04T00:00:00,AAWW
25.67,27.67,25.65,27.33,27.33,467800.0,2019-09-05T00:00:00,AAWW
27.33,27.709999,26.799999,27.549999,27.549999,195900.0,2019-09-06T00:00:00,AAWW
27.709999,29.379999,27.709999,29.200001,29.200001,504300.0,2019-09-09T00:00:00,AAWW
29.200001,29.75,29.049999,29.17,29.17,371800.0,2019-09-10T00:00:00,AAWW
29.389999,29.530001,28.370001,29.5,29.5,389000.0,2019-09-11T00:00:00,AAWW
29.450001,29.68,28.23,29.34,29.34,391600.0,2019-09-12T00:00:00,AAWW
29.879999,30.48,27.01,27.120001,27.120001,1785300.0,2019-09-13T00:00:00,AAWW
26.85,28.5,26.75,27.75,27.75,408800.0,2019-09-16T00:00:00,AAWW
26.34,26.799999,25.17,25.73,25.73,826600.0,2019-09-17T00:00:00,AAWW
25.450001,25.799999,24.73,25.780001,25.780001,745900.0,2019-09-18T00:00:00,AAWW
25.91,25.92,24.450001,24.58,24.58,704400.0,2019-09-19T00:00:00,AAWW
24.52,24.85,23.6,24.530001,24.530001,874000.0,2019-09-20T00:00:00,AAWW
24.65,24.99,24.120001,24.799999,24.799999,467200.0,2019-09-23T00:00:00,AAWW
24.6,25.15,23.73,23.879999,23.879999,493300.0,2019-09-24T00:00:00,AAWW
23.85,24.93,23.76,24.74,24.74,585800.0,2019-09-25T00:00:00,AAWW
24.75,24.85,23.940001,24.610001,24.610001,387700.0,2019-09-26T00:00:00,AAWW
24.709999,25.639999,24.469999,24.870001,24.870001,286800.0,2019-09-27T00:00:00,AAWW
24.84,25.530001,24.67,25.23,25.23,381900.0,2019-09-30T00:00:00,AAWW
25.4,26.059999,23.52,23.59,23.59,656800.0,2019-10-01T00:00:00,AAWW
23.559999,23.59,22.809999,22.959999,22.959999,453300.0,2019-10-02T00:00:00,AAWW
22.82,23.26,22.25,22.610001,22.610001,380200.0,2019-10-03T00:00:00,AAWW
23.049999,23.360001,22.57,22.950001,22.950001,351800.0,2019-10-04T00:00:00,AAWW
22.73,22.85,21.77,21.91,21.91,551300.0,2019-10-07T00:00:00,AAWW
21.77,21.879999,20.799999,20.959999,20.959999,677800.0,2019-10-08T00:00:00,AAWW
21.129999,21.35,20.610001,21.219999,21.219999,572100.0,2019-10-09T00:00:00,AAWW
21.440001,21.5,20.99,21.27,21.27,298200.0,2019-10-10T00:00:00,AAWW
21.76,22.299999,21.049999,21.799999,21.799999,846200.0,2019-10-11T00:00:00,AAWW
21.59,22.129999,21.24,21.700001,21.700001,508200.0,2019-10-14T00:00:00,AAWW
21.620001,22.34,21.48,22.32,22.32,1119900.0,2019-10-15T00:00:00,AAWW
22.379999,22.91,22.190001,22.24,22.24,486100.0,2019-10-16T00:00:00,AAWW
22.4,23.120001,22.059999,22.549999,22.549999,436800.0,2019-10-17T00:00:00,AAWW
22.41,22.889999,22.4,22.639999,22.639999,238200.0,2019-10-18T00:00:00,AAWW
22.969999,23.870001,22.450001,22.559999,22.559999,972300.0,2019-10-21T00:00:00,AAWW
22.49,23.92,22.35,23.809999,23.809999,449500.0,2019-10-22T00:00:00,AAWW
23.879999,24.379999,23.360001,24.26,24.26,570900.0,2019-10-23T00:00:00,AAWW
24.41,24.41,23.27,23.98,23.98,429700.0,2019-10-24T00:00:00,AAWW
23.790001,25.6,23.610001,25.52,25.52,771100.0,2019-10-25T00:00:00,AAWW
25.719999,26.33,25.58,25.700001,25.700001,734000.0,2019-10-28T00:00:00,AAWW
25.42,25.68,23.889999,24.02,24.02,761400.0,2019-10-29T00:00:00,AAWW
23.24,23.809999,20.84,21.309999,21.309999,1396800.0,2019-10-30T00:00:00,AAWW
21.35,22.26,21.35,21.93,21.93,984200.0,2019-10-31T00:00:00,AAWW
22.35,23.190001,20.93,23.1,23.1,918400.0,2019-11-01T00:00:00,AAWW
23.309999,25.15,23.27,25.139999,25.139999,975800.0,2019-11-04T00:00:00,AAWW
25.26,26.860001,25.219999,26.25,26.25,797200.0,2019-11-05T00:00:00,AAWW
26.139999,26.389999,25.6,26.01,26.01,429200.0,2019-11-06T00:00:00,AAWW
26.5,27.059999,26.219999,26.459999,26.459999,431000.0,2019-11-07T00:00:00,AAWW
26.200001,26.91,26.02,26.690001,26.690001,297300.0,2019-11-08T00:00:00,AAWW
26.219999,26.690001,25.969999,26.299999,26.299999,325200.0,2019-11-11T00:00:00,AAWW
26.290001,26.879999,25.860001,26.27,26.27,289400.0,2019-11-12T00:00:00,AAWW
25.889999,26.15,25.24,25.309999,25.309999,323100.0,2019-11-13T00:00:00,AAWW
25.290001,25.559999,24.950001,25.120001,25.120001,267200.0,2019-11-14T00:00:00,AAWW
25.34,25.610001,25.110001,25.25,25.25,215800.0,2019-11-15T00:00:00,AAWW
25.01,25.299999,24.59,25.049999,25.049999,394500.0,2019-11-18T00:00:00,AAWW
25.200001,25.33,24.4,25.299999,25.299999,261400.0,2019-11-19T00:00:00,AAWW
24.93,25.049999,24.200001,24.389999,24.389999,326900.0,2019-11-20T00:00:00,AAWW
24.549999,24.82,24.059999,24.41,24.41,241500.0,2019-11-21T00:00:00,AAWW
24.5,25.15,24.200001,25.01,25.01,237000.0,2019-11-22T00:00:00,AAWW
25.040001,26.23,25.0,26.18,26.18,266300.0,2019-11-25T00:00:00,AAWW
26.17,26.52,25.860001,26.23,26.23,351000.0,2019-11-26T00:00:00,AAWW
26.42,26.82,26.25,26.57,26.57,234000.0,2019-11-27T00:00:00,AAWW
26.42,26.51,25.9,26.09,26.09,142000.0,2019-11-29T00:00:00,AAWW
26.059999,26.77,24.950001,25.07,25.07,311500.0,2019-12-02T00:00:00,AAWW
24.77,24.92,24.15,24.68,24.68,304400.0,2019-12-03T00:00:00,AAWW
25.0,25.780001,24.530001,24.77,24.77,277600.0,2019-12-04T00:00:00,AAWW
24.9,25.15,24.299999,24.65,24.65,230200.0,2019-12-05T00:00:00,AAWW
25.02,26.1,25.02,26.059999,26.059999,467600.0,2019-12-06T00:00:00,AAWW
25.889999,26.6,25.860001,26.52,26.52,261700.0,2019-12-09T00:00:00,AAWW
26.6,26.719999,26.219999,26.299999,26.299999,252800.0,2019-12-10T00:00:00,AAWW
26.35,26.799999,26.120001,26.65,26.65,219200.0,2019-12-11T00:00:00,AAWW
26.690001,28.469999,26.549999,28.25,28.25,350900.0,2019-12-12T00:00:00,AAWW
28.200001,28.27,27.370001,27.65,27.65,269400.0,2019-12-13T00:00:00,AAWW
28.0,28.549999,27.65,27.780001,27.780001,385100.0,2019-12-16T00:00:00,AAWW
27.940001,28.59,27.879999,28.530001,28.530001,332800.0,2019-12-17T00:00:00,AAWW
28.52,28.52,27.219999,27.26,27.26,649900.0,2019-12-18T00:00:00,AAWW
27.34,28.34,27.07,27.9,27.9,255500.0,2019-12-19T00:00:00,AAWW
28.07,28.08,26.65,27.65,27.65,674500.0,2019-12-20T00:00:00,AAWW
27.66,27.889999,27.15,27.33,27.33,251900.0,2019-12-23T00:00:00,AAWW
27.4,27.549999,27.209999,27.42,27.42,73600.0,2019-12-24T00:00:00,AAWW
27.370001,27.799999,27.16,27.68,27.68,142700.0,2019-12-26T00:00:00,AAWW
27.870001,27.870001,26.799999,26.870001,26.870001,177800.0,2019-12-27T00:00:00,AAWW
26.940001,27.23,26.42,26.58,26.58,242600.0,2019-12-30T00:00:00,AAWW
26.450001,27.68,26.450001,27.57,27.57,210100.0,2019-12-31T00:00:00,AAWW
27.870001,28.299999,27.049999,27.73,27.73,226200.0,2020-01-02T00:00:00,AAWW
27.09,27.77,26.82,27.450001,27.450001,305100.0,2020-01-03T00:00:00,AAWW
27.07,27.57,26.83,27.43,27.43,258600.0,2020-01-06T00:00:00,AAWW
27.07,27.559999,26.290001,26.370001,26.370001,232300.0,2020-01-07T00:00:00,AAWW
26.440001,27.34,26.440001,27.16,27.16,229000.0,2020-01-08T00:00:00,AAWW
27.32,27.379999,26.6,26.879999,26.879999,176500.0,2020-01-09T00:00:00,AAWW
26.9,26.969999,26.209999,26.5,26.5,247000.0,2020-01-10T00:00:00,AAWW
26.59,27.43,26.309999,27.09,27.09,202800.0,2020-01-13T00:00:00,AAWW
27.07,28.469999,27.01,27.889999,27.889999,308300.0,2020-01-14T00:00:00,AAWW
28.17,28.280001,27.26,27.52,27.52,234700.0,2020-01-15T00:00:00,AAWW
27.860001,28.700001,27.75,27.879999,27.879999,419800.0,2020-01-16T00:00:00,AAWW
27.98,28.08,27.18,27.85,27.85,220700.0,2020-01-17T00:00:00,AAWW
27.83,27.950001,26.690001,27.18,27.18,246300.0,2020-01-21T00:00:00,AAWW
27.360001,27.360001,25.98,26.309999,26.309999,380900.0,2020-01-22T00:00:00,AAWW
26.02,26.02,25.200001,25.620001,25.620001,406700.0,2020-01-23T00:00:00,AAWW
25.719999,25.74,24.27,24.74,24.74,382700.0,2020-01-24T00:00:00,AAWW
23.889999,24.629999,23.27,23.82,23.82,474900.0,2020-01-27T00:00:00,AAWW
24.040001,24.049999,23.52,23.690001,23.690001,221600.0,2020-01-28T00:00:00,AAWW
23.67,24.02,23.120001,23.370001,23.370001,414100.0,2020-01-29T00:00:00,AAWW
23.059999,23.4,22.77,22.98,22.98,572300.0,2020-01-30T00:00:00,AAWW
22.77,22.860001,22.02,22.35,22.35,476500.0,2020-01-31T00:00:00,AAWW
22.65,22.809999,21.790001,21.92,21.92,344200.0,2020-02-03T00:00:00,AAWW
22.48,22.719999,21.780001,22.709999,22.709999,435900.0,2020-02-04T00:00:00,AAWW
23.15,24.889999,23.15,24.809999,24.809999,877100.0,2020-02-05T00:00:00,AAWW
25.01,25.559999,24.5,24.65,24.65,461000.0,2020-02-06T00:00:00,AAWW
24.9,27.709999,24.85,27.24,27.24,1132100.0,2020-02-07T00:00:00,AAWW
27.299999,27.48,26.629999,26.93,26.93,494700.0,2020-02-10T00:00:00,AAWW
27.27,27.700001,26.91,27.08,27.08,344400.0,2020-02-11T00:00:00,AAWW
27.1,27.860001,27.030001,27.469999,27.469999,330300.0,2020-02-12T00:00:00,AAWW
27.219999,27.6,26.219999,26.43,26.43,361300.0,2020-02-13T00:00:00,AAWW
26.389999,27.41,26.389999,27.309999,27.309999,441100.0,2020-02-14T00:00:00,AAWW
27.1,27.790001,26.93,27.59,27.59,426800.0,2020-02-18T00:00:00,AAWW
27.66,29.790001,27.610001,29.68,29.68,945100.0,2020-02-19T00:00:00,AAWW
32.040001,33.849998,31.51,33.220001,33.220001,1195100.0,2020-02-20T00:00:00,AAWW
32.84,32.959999,31.48,31.76,31.76,675700.0,2020-02-21T00:00:00,AAWW
30.0,30.17,28.530001,28.68,28.68,931400.0,2020-02-24T00:00:00,AAWW
29.01,29.059999,25.5,26.26,26.26,773200.0,2020-02-25T00:00:00,AAWW
26.49,26.809999,24.280001,24.41,24.41,871000.0,2020-02-26T00:00:00,AAWW
24.23,26.280001,22.91,25.48,25.48,1341400.0,2020-02-27T00:00:00,AAWW
24.77,26.85,24.77,26.719999,26.719999,1269700.0,2020-02-28T00:00:00,AAWW
26.969999,27.17,25.41,26.58,26.58,781600.0,2020-03-02T00:00:00,AAWW
26.629999,27.639999,25.74,25.860001,25.860001,692300.0,2020-03-03T00:00:00,AAWW
26.219999,26.790001,25.309999,26.299999,26.299999,823200.0,2020-03-04T00:00:00,AAWW
25.549999,25.870001,23.77,23.889999,23.889999,651300.0,2020-03-05T00:00:00,AAWW
23.77,23.9,22.23,22.860001,22.860001,1030500.0,2020-03-06T00:00:00,AAWW
21.77,22.559999,20.26,20.83,20.83,1148500.0,2020-03-09T00:00:00,AAWW
21.33,21.790001,20.0,21.25,21.25,829900.0,2020-03-10T00:00:00,AAWW
20.309999,20.6,17.25,17.98,17.98,1937700.0,2020-03-11T00:00:00,AAWW
17.27,17.4,15.37,16.42,16.42,1523000.0,2020-03-12T00:00:00,AAWW
17.65,18.17,14.97,17.9,17.9,1518500.0,2020-03-13T00:00:00,AAWW
16.0,19.23,15.19,18.709999,18.709999,1220500.0,2020-03-16T00:00:00,AAWW
19.23,23.950001,19.01,23.690001,23.690001,2583000.0,2020-03-17T00:00:00,AAWW
21.940001,23.950001,16.42,19.610001,19.610001,1391700.0,2020-03-18T00:00:00,AAWW
19.549999,22.41,18.01,21.889999,21.889999,1168400.0,2020-03-19T00:00:00,AAWW
22.379999,23.860001,20.879999,22.93,22.93,1228700.0,2020-03-20T00:00:00,AAWW
23.5,24.52,22.370001,24.4,24.4,1023300.0,2020-03-23T00:00:00,AAWW
25.0,26.870001,22.98,23.68,23.68,1119800.0,2020-03-24T00:00:00,AAWW
23.74,25.690001,22.610001,22.75,22.75,682400.0,2020-03-25T00:00:00,AAWW
23.01,26.17,22.09,24.209999,24.209999,634000.0,2020-03-26T00:00:00,AAWW
23.059999,23.73,21.99,22.17,22.17,769500.0,2020-03-27T00:00:00,AAWW
22.59,23.280001,21.42,22.190001,22.190001,534000.0,2020-03-30T00:00:00,AAWW
22.389999,26.209999,22.35,25.67,25.67,793600.0,2020-03-31T00:00:00,AAWW
24.559999,25.700001,23.549999,23.950001,23.950001,579500.0,2020-04-01T00:00:00,AAWW
24.51,25.08,23.049999,23.5,23.5,475500.0,2020-04-02T00:00:00,AAWW
23.59,24.280001,20.0,20.17,20.17,792300.0,2020-04-03T00:00:00,AAWW
21.26,22.25,20.75,21.969999,21.969999,618200.0,2020-04-06T00:00:00,AAWW
22.940001,23.6,22.26,23.139999,23.139999,850000.0,2020-04-07T00:00:00,AAWW
23.549999,24.91,23.219999,24.469999,24.469999,799000.0,2020-04-08T00:00:00,AAWW
24.799999,26.65,24.32,25.34,25.34,792100.0,2020-04-09T00:00:00,AAWW
25.32,25.48,23.110001,24.16,24.16,366100.0,2020-04-13T00:00:00,AAWW
24.84,25.82,24.35,25.68,25.68,475500.0,2020-04-14T00:00:00,AAWW
24.469999,24.809999,23.110001,23.889999,23.889999,535800.0,2020-04-15T00:00:00,AAWW
23.799999,24.57,23.360001,23.959999,23.959999,437900.0,2020-04-16T00:00:00,AAWW
24.83,25.91,24.26,24.719999,24.719999,549100.0,2020-04-17T00:00:00,AAWW
24.1,24.83,23.549999,24.629999,24.629999,546200.0,2020-04-20T00:00:00,AAWW
25.120001,27.15,24.129999,26.93,26.93,800600.0,2020-04-21T00:00:00,AAWW
27.120001,28.799999,27.120001,27.75,27.75,743800.0,2020-04-22T00:00:00,AAWW
28.049999,28.459999,27.18,27.92,27.92,612100.0,2020-04-23T00:00:00,AAWW
27.99,29.75,27.33,29.719999,29.719999,493700.0,2020-04-24T00:00:00,AAWW
29.940001,32.439999,29.879999,31.440001,31.440001,1258700.0,2020-04-27T00:00:00,AAWW
32.25,33.0,30.719999,31.92,31.92,692700.0,2020-04-28T00:00:00,AAWW
33.0,35.639999,32.130001,35.099998,35.099998,1272000.0,2020-04-29T00:00:00,AAWW
34.18,34.380001,32.549999,32.849998,32.849998,1124300.0,2020-04-30T00:00:00,AAWW
31.68,31.98,31.0,31.950001,31.950001,552400.0,2020-05-01T00:00:00,AAWW
31.67,33.09,30.530001,32.889999,32.889999,848800.0,2020-05-04T00:00:00,AAWW
33.349998,34.139999,32.16,33.389999,33.389999,879900.0,2020-05-05T00:00:00,AAWW
33.220001,35.59,33.220001,35.5,35.5,1212700.0,2020-05-06T00:00:00,AAWW
39.5,39.5,36.0,38.540001,38.540001,1570100.0,2020-05-07T00:00:00,AAWW
38.34,38.990002,37.299999,38.68,38.68,801900.0,2020-05-08T00:00:00,AAWW
38.330002,38.57,37.150002,37.849998,37.849998,613400.0,2020-05-11T00:00:00,AAWW
37.919998,38.5,36.889999,37.060001,37.060001,601300.0,2020-05-12T00:00:00,AAWW
37.25,37.25,34.73,36.34,36.34,615800.0,2020-05-13T00:00:00,AAWW
34.360001,37.599998,34.310001,37.310001,37.310001,462600.0,2020-05-14T00:00:00,AAWW
37.150002,37.34,35.360001,35.470001,35.470001,511200.0,2020-05-15T00:00:00,AAWW
36.919998,38.5,36.830002,38.450001,38.450001,729500.0,2020-05-18T00:00:00,AAWW
38.5,40.369999,37.130001,38.75,38.75,644400.0,2020-05-19T00:00:00,AAWW
39.650002,40.349998,39.369999,39.860001,39.860001,386100.0,2020-05-20T00:00:00,AAWW
39.700001,40.290001,38.849998,39.59,39.59,398300.0,2020-05-21T00:00:00,AAWW
39.490002,39.84,37.84,39.279999,39.279999,355100.0,2020-05-22T00:00:00,AAWW
40.439999,40.849998,38.959999,39.049999,39.049999,527500.0,2020-05-26T00:00:00,AAWW
39.66,39.66,37.93,39.189999,39.189999,518500.0,2020-05-27T00:00:00,AAWW
39.299999,39.950001,37.52,38.900002,38.900002,468700.0,2020-05-28T00:00:00,AAWW
38.529999,39.610001,37.57,39.060001,39.060001,401900.0,2020-05-29T00:00:00,AAWW
38.75,40.939999,38.509998,40.759998,40.759998,565800.0,2020-06-01T00:00:00,AAWW
41.009998,45.5,41.009998,45.439999,45.439999,1063600.0,2020-06-02T00:00:00,AAWW
45.099998,46.540001,45.049999,45.75,45.75,560700.0,2020-06-03T00:00:00,AAWW
45.939999,46.490002,44.259998,45.68,45.68,706200.0,2020-06-04T00:00:00,AAWW
46.759998,47.700001,43.419998,44.0,44.0,867500.0,2020-06-05T00:00:00,AAWW
44.400002,44.77,40.310001,40.560001,40.560001,1234000.0,2020-06-08T00:00:00,AAWW
40.07,41.669998,39.400002,41.310001,41.310001,1016100.0,2020-06-09T00:00:00,AAWW
42.07,42.07,39.889999,40.950001,40.950001,472600.0,2020-06-10T00:00:00,AAWW
39.400002,40.380001,38.779999,39.130001,39.130001,587900.0,2020-06-11T00:00:00,AAWW
40.060001,40.630001,38.439999,39.43,39.43,515400.0,2020-06-12T00:00:00,AAWW
38.25,41.02,38.02,40.860001,40.860001,437100.0,2020-06-15T00:00:00,AAWW
41.470001,42.349998,39.970001,41.169998,41.169998,330600.0,2020-06-16T00:00:00,AAWW
41.080002,41.400002,39.720001,39.869999,39.869999,285500.0,2020-06-17T00:00:00,AAWW
39.779999,41.380001,39.580002,40.279999,40.279999,266000.0,2020-06-18T00:00:00,AAWW
40.619999,41.25,40.240002,40.830002,40.830002,926300.0,2020-06-19T00:00:00,AAWW
40.529999,40.599998,39.290001,40.470001,40.470001,346200.0,2020-06-22T00:00:00,AAWW
41.029999,41.740002,40.619999,41.419998,41.419998,384700.0,2020-06-23T00:00:00,AAWW
41.07,41.119999,39.73,40.599998,40.599998,543500.0,2020-06-24T00:00:00,AAWW
40.439999,40.619999,38.889999,39.950001,39.950001,487900.0,2020-06-25T00:00:00,AAWW
40.110001,40.110001,38.360001,39.080002,39.080002,571500.0,2020-06-26T00:00:00,AAWW
39.57,40.610001,39.119999,40.5,40.5,334900.0,2020-06-29T00:00:00,AAWW
40.610001,43.32,40.610001,43.029999,43.029999,550300.0,2020-06-30T00:00:00,AAWW
43.630001,45.290001,43.439999,43.880001,43.880001,524600.0,2020-07-01T00:00:00,AAWW
44.610001,45.240002,44.220001,44.439999,44.439999,321000.0,2020-07-02T00:00:00,AAWW
44.98,45.59,44.709999,45.369999,45.369999,307800.0,2020-07-06T00:00:00,AAWW
44.939999,46.110001,44.619999,45.919998,45.919998,459500.0,2020-07-07T00:00:00,AAWW
45.919998,46.25,45.25,45.98,45.98,360400.0,2020-07-08T00:00:00,AAWW
45.98,46.610001,45.5,46.200001,46.200001,346900.0,2020-07-09T00:00:00,AAWW
46.43,47.450001,46.119999,47.259998,47.259998,320800.0,2020-07-10T00:00:00,AAWW
47.810001,49.27,47.34,47.490002,47.490002,353800.0,2020-07-13T00:00:00,AAWW
47.57,47.709999,46.130001,47.650002,47.650002,262200.0,2020-07-14T00:00:00,AAWW
49.439999,49.549999,47.16,48.720001,48.720001,322400.0,2020-07-15T00:00:00,AAWW
48.32,49.540001,48.09,49.240002,49.240002,273300.0,2020-07-16T00:00:00,AAWW
49.34,50.09,48.98,49.900002,49.900002,375400.0,2020-07-17T00:00:00,AAWW
50.0,51.0,49.509998,50.060001,50.060001,319400.0,2020-07-20T00:00:00,AAWW
50.25,50.790001,49.860001,50.419998,50.419998,253600.0,2020-07-21T00:00:00,AAWW
50.0,50.310001,49.07,49.169998,49.169998,249200.0,2020-07-22T00:00:00,AAWW
49.099998,49.400002,47.849998,48.740002,48.740002,396400.0,2020-07-23T00:00:00,AAWW
48.360001,48.639999,47.5,47.860001,47.860001,257200.0,2020-07-24T00:00:00,AAWW
47.880001,49.810001,47.799999,49.709999,49.709999,228900.0,2020-07-27T00:00:00,AAWW
49.709999,49.709999,48.66,48.779999,48.779999,262100.0,2020-07-28T00:00:00,AAWW
48.970001,51.32,48.970001,51.150002,51.150002,504900.0,2020-07-29T00:00:00,AAWW
50.650002,51.970001,50.34,51.43,51.43,455100.0,2020-07-30T00:00:00,AAWW
51.139999,52.080002,50.779999,52.080002,52.080002,464200.0,2020-07-31T00:00:00,AAWW
52.740002,53.77,52.619999,53.310001,53.310001,625600.0,2020-08-03T00:00:00,AAWW
53.200001,56.490002,53.200001,55.720001,55.720001,641100.0,2020-08-04T00:00:00,AAWW
56.939999,58.209999,56.450001,57.75,57.75,835500.0,2020-08-05T00:00:00,AAWW
60.0,61.189999,53.049999,56.150002,56.150002,1490300.0,2020-08-06T00:00:00,AAWW
56.209999,59.450001,55.740002,59.07,59.07,1296900.0,2020-08-07T00:00:00,AAWW
59.25,61.0,59.080002,59.950001,59.950001,661000.0,2020-08-10T00:00:00,AAWW
59.900002,61.200001,59.290001,59.82,59.82,501400.0,2020-08-11T00:00:00,AAWW
60.200001,61.66,59.639999,60.009998,60.009998,538300.0,2020-08-12T00:00:00,AAWW
60.450001,61.150002,59.919998,60.080002,60.080002,497100.0,2020-08-13T00:00:00,AAWW
59.849998,60.650002,59.419998,60.080002,60.080002,501900.0,2020-08-14T00:00:00,AAWW
60.610001,61.130001,58.849998,59.27,59.27,732300.0,2020-08-17T00:00:00,AAWW
59.09,59.09,57.02,58.549999,58.549999,519600.0,2020-08-18T00:00:00,AAWW
58.740002,60.150002,58.48,58.849998,58.849998,276300.0,2020-08-19T00:00:00,AAWW
58.549999,59.490002,57.599998,59.040001,59.040001,453300.0,2020-08-20T00:00:00,AAWW
58.630001,59.330002,57.139999,57.720001,57.720001,462700.0,2020-08-21T00:00:00,AAWW
58.380001,58.490002,56.959999,57.490002,57.490002,457200.0,2020-08-24T00:00:00,AAWW
57.400002,57.900002,56.630001,57.369999,57.369999,516000.0,2020-08-25T00:00:00,AAWW
57.509998,57.57,55.919998,56.32,56.32,487400.0,2020-08-26T00:00:00,AAWW
56.360001,56.700001,55.290001,56.400002,56.400002,291400.0,2020-08-27T00:00:00,AAWW
56.669998,57.509998,56.400002,57.189999,57.189999,350000.0,2020-08-28T00:00:00,AAWW
56.66,57.810001,56.34,56.389999,56.389999,492800.0,2020-08-31T00:00:00,AAWW
56.549999,58.099998,55.650002,57.389999,57.389999,490400.0,2020-09-01T00:00:00,AAWW
57.580002,57.700001,55.790001,57.040001,57.040001,296500.0,2020-09-02T00:00:00,AAWW
56.669998,56.849998,55.049999,55.240002,55.240002,267200.0,2020-09-03T00:00:00,AAWW
55.459999,56.540001,53.09,55.720001,55.720001,411700.0,2020-09-04T00:00:00,AAWW
54.669998,55.049999,52.68,53.779999,53.779999,513600.0,2020-09-08T00:00:00,AAWW
53.950001,56.330002,53.950001,55.580002,55.580002,546900.0,2020-09-09T00:00:00,AAWW
56.5,57.799999,56.48,57.16,57.16,545900.0,2020-09-10T00:00:00,AAWW
57.119999,57.43,55.939999,56.939999,56.939999,350400.0,2020-09-11T00:00:00,AAWW
57.450001,57.849998,56.759998,57.689999,57.689999,250000.0,2020-09-14T00:00:00,AAWW
58.119999,61.5,58.119999,59.48,59.48,713100.0,2020-09-15T00:00:00,AAWW
60.349998,61.740002,59.240002,61.119999,61.119999,685600.0,2020-09-16T00:00:00,AAWW
59.619999,61.360001,59.16,61.110001,61.110001,532400.0,2020-09-17T00:00:00,AAWW
61.740002,63.0,60.700001,61.23,61.23,804700.0,2020-09-18T00:00:00,AAWW
60.220001,60.630001,57.75,59.049999,59.049999,515500.0,2020-09-21T00:00:00,AAWW
59.84,60.860001,59.380001,60.380001,60.380001,352100.0,2020-09-22T00:00:00,AAWW
60.09,63.470001,60.080002,60.610001,60.610001,591600.0,2020-09-23T00:00:00,AAWW
60.32,61.759998,59.580002,60.540001,60.540001,457400.0,2020-09-24T00:00:00,AAWW
60.509998,61.790001,60.150002,60.240002,60.240002,343400.0,2020-09-25T00:00:00,AAWW
60.650002,63.040001,60.549999,62.360001,62.360001,401300.0,2020-09-28T00:00:00,AAWW
62.02,63.310001,61.009998,61.279999,61.279999,486600.0,2020-09-29T00:00:00,AAWW
61.43,62.299999,60.41,60.900002,60.900002,502400.0,2020-09-30T00:00:00,AAWW
61.150002,63.0,61.150002,62.799999,62.799999,465500.0,2020-10-01T00:00:00,AAWW
61.490002,64.199997,61.049999,63.889999,63.889999,307700.0,2020-10-02T00:00:00,AAWW
64.440002,66.349998,63.790001,65.400002,65.400002,791000.0,2020-10-05T00:00:00,AAWW
65.800003,66.730003,63.560001,63.959999,63.959999,529900.0,2020-10-06T00:00:00,AAWW
65.050003,67.160004,65.050003,67.019997,67.019997,604500.0,2020-10-07T00:00:00,AAWW
67.0,67.629997,66.419998,67.43,67.43,564900.0,2020-10-08T00:00:00,AAWW
68.120003,68.629997,66.669998,67.730003,67.730003,396000.0,2020-10-09T00:00:00,AAWW
68.230003,69.080002,66.900002,67.360001,67.360001,238700.0,2020-10-12T00:00:00,AAWW
67.129997,68.300003,66.18,66.870003,66.870003,310000.0,2020-10-13T00:00:00,AAWW
67.0,68.68,67.0,68.199997,68.199997,229500.0,2020-10-14T00:00:00,AAWW
67.300003,67.449997,64.209999,67.099998,67.099998,319200.0,2020-10-15T00:00:00,AAWW
67.099998,67.480003,65.129997,66.040001,66.040001,359100.0,2020-10-16T00:00:00,AAWW
66.440002,66.68,64.330002,64.419998,64.419998,494700.0,2020-10-19T00:00:00,AAWW
64.82,65.160004,62.509998,64.019997,64.019997,501600.0,2020-10-20T00:00:00,AAWW
64.669998,66.110001,62.790001,62.830002,62.830002,555100.0,2020-10-21T00:00:00,AAWW
64.190002,64.529999,62.0,63.75,63.75,454200.0,2020-10-22T00:00:00,AAWW
63.68,64.080002,61.810001,62.990002,62.990002,377500.0,2020-10-23T00:00:00,AAWW
62.0,62.959999,61.279999,62.299999,62.299999,456400.0,2020-10-26T00:00:00,AAWW
62.400002,63.459999,61.34,62.119999,62.119999,369600.0,2020-10-27T00:00:00,AAWW
60.900002,60.970001,59.490002,59.650002,59.650002,603100.0,2020-10-28T00:00:00,AAWW
59.419998,62.419998,59.290001,61.43,61.43,496100.0,2020-10-29T00:00:00,AAWW
61.009998,61.349998,57.43,59.16,59.16,653600.0,2020-10-30T00:00:00,AAWW
59.540001,62.040001,59.360001,61.860001,61.860001,450400.0,2020-11-02T00:00:00,AAWW
62.790001,63.040001,61.869999,62.18,62.18,476700.0,2020-11-03T00:00:00,AAWW
62.139999,63.700001,61.52,62.130001,62.130001,449600.0,2020-11-04T00:00:00,AAWW
63.049999,65.080002,62.139999,62.5,62.5,885000.0,2020-11-05T00:00:00,AAWW
63.549999,63.990002,59.630001,60.599998,60.599998,489900.0,2020-11-06T00:00:00,AAWW
59.52,59.790001,52.009998,52.02,52.02,1433500.0,2020-11-09T00:00:00,AAWW
52.41,53.330002,50.25,51.279999,51.279999,922100.0,2020-11-10T00:00:00,AAWW
51.380001,53.529999,51.009998,51.619999,51.619999,596000.0,2020-11-11T00:00:00,AAWW
52.299999,54.330002,51.5,52.509998,52.509998,765800.0,2020-11-12T00:00:00,AAWW
52.900002,55.299999,52.900002,54.709999,54.709999,635600.0,2020-11-13T00:00:00,AAWW
55.470001,56.119999,54.32,55.099998,55.099998,702500.0,2020-11-16T00:00:00,AAWW
55.110001,57.18,54.259998,56.5,56.5,517700.0,2020-11-17T00:00:00,AAWW
56.619999,57.400002,55.93,56.0,56.0,465100.0,2020-11-18T00:00:00,AAWW
55.740002,56.0,53.93,54.610001,54.610001,592900.0,2020-11-19T00:00:00,AAWW
54.169998,54.759998,52.860001,53.400002,53.400002,536400.0,2020-11-20T00:00:00,AAWW
54.009998,55.380001,53.759998,54.040001,54.040001,416600.0,2020-11-23T00:00:00,AAWW
54.139999,56.849998,54.0,56.360001,56.360001,453600.0,2020-11-24T00:00:00,AAWW
56.66,56.68,54.860001,56.009998,56.009998,323300.0,2020-11-25T00:00:00,AAWW
55.970001,56.889999,55.830002,56.330002,56.330002,153000.0,2020-11-27T00:00:00,AAWW
56.029999,56.779999,55.009998,55.810001,55.810001,398900.0,2020-11-30T00:00:00,AAWW
56.630001,57.380001,54.419998,54.57,54.57,434000.0,2020-12-01T00:00:00,AAWW
54.09,54.740002,53.509998,54.27,54.27,297100.0,2020-12-02T00:00:00,AAWW
54.779999,56.950001,53.619999,56.0,56.0,668500.0,2020-12-03T00:00:00,AAWW
56.290001,57.110001,55.790001,56.369999,56.369999,496700.0,2020-12-04T00:00:00,AAWW
56.360001,56.75,54.650002,55.52,55.52,533600.0,2020-12-07T00:00:00,AAWW
55.380001,55.380001,53.939999,54.959999,54.959999,523500.0,2020-12-08T00:00:00,AAWW
55.59,56.709999,54.639999,55.759998,55.759998,429600.0,2020-12-09T00:00:00,AAWW
55.139999,56.200001,54.450001,56.060001,56.060001,400600.0,2020-12-10T00:00:00,AAWW
55.84,56.169998,54.84,55.23,55.23,266900.0,2020-12-11T00:00:00,AAWW
55.59,56.0,53.830002,54.5,54.5,351300.0,2020-12-14T00:00:00,AAWW
54.889999,56.599998,54.66,56.200001,56.200001,669900.0,2020-12-15T00:00:00,AAWW
56.490002,57.380001,55.5,55.529999,55.529999,336000.0,2020-12-16T00:00:00,AAWW
55.720001,56.27,54.599998,56.0,56.0,292300.0,2020-12-17T00:00:00,AAWW
55.810001,56.77,54.52,55.27,55.27,841800.0,2020-12-18T00:00:00,AAWW
54.860001,55.73,54.41,55.389999,55.389999,302600.0,2020-12-21T00:00:00,AAWW
55.540001,56.459999,55.299999,56.110001,56.110001,266300.0,2020-12-22T00:00:00,AAWW
56.169998,56.950001,55.650002,55.75,55.75,204900.0,2020-12-23T00:00:00,AAWW
56.009998,56.77,55.75,56.139999,56.139999,86500.0,2020-12-24T00:00:00,AAWW
56.360001,56.529999,54.509998,54.830002,54.830002,316400.0,2020-12-28T00:00:00,AAWW
54.82,55.290001,53.560001,54.0,54.0,374000.0,2020-12-29T00:00:00,AAWW
54.0,54.889999,53.93,54.610001,54.610001,270800.0,2020-12-30T00:00:00,AAWW
54.400002,54.889999,53.57,54.540001,54.540001,362500.0,2020-12-31T00:00:00,AAWW
55.0,56.560001,54.689999,55.389999,55.389999,557700.0,2021-01-04T00:00:00,AAWW
54.959999,56.279999,53.580002,53.790001,53.790001,420400.0,2021-01-05T00:00:00,AAWW
54.09,54.799999,52.419998,53.16,53.16,768300.0,2021-01-06T00:00:00,AAWW
52.799999,53.84,51.099998,51.200001,51.200001,656400.0,2021-01-07T00:00:00,AAWW
51.630001,51.990002,50.27,50.779999,50.779999,656300.0,2021-01-08T00:00:00,AAWW
50.299999,52.209999,50.220001,51.389999,51.389999,470000.0,2021-01-11T00:00:00,AAWW
51.189999,52.93,50.75,52.290001,52.290001,420600.0,2021-01-12T00:00:00,AAWW
52.490002,53.630001,51.34,53.470001,53.470001,439200.0,2021-01-13T00:00:00,AAWW
53.77,55.700001,53.77,54.470001,54.470001,370900.0,2021-01-14T00:00:00,AAWW
53.970001,55.200001,53.139999,53.259998,53.259998,387200.0,2021-01-15T00:00:00,AAWW
53.84,54.630001,52.540001,52.669998,52.669998,288300.0,2021-01-19T00:00:00,AAWW
52.990002,53.450001,51.82,52.200001,52.200001,352800.0,2021-01-20T00:00:00,AAWW
52.490002,52.869999,51.900002,52.259998,52.259998,298200.0,2021-01-21T00:00:00,AAWW
52.360001,53.700001,51.009998,53.560001,53.560001,273200.0,2021-01-22T00:00:00,AAWW
53.599998,54.450001,52.689999,53.240002,53.240002,288400.0,2021-01-25T00:00:00,AAWW
53.700001,55.82,53.189999,55.200001,55.200001,462600.0,2021-01-26T00:00:00,AAWW
54.0,57.810001,53.290001,55.060001,55.060001,656000.0,2021-01-27T00:00:00,AAWW
56.130001,56.990002,52.400002,52.919998,52.919998,615900.0,2021-01-28T00:00:00,AAWW
53.040001,54.259998,51.060001,51.82,51.82,508600.0,2021-01-29T00:00:00,AAWW
53.360001,54.5,51.560001,54.200001,54.200001,495600.0,2021-02-01T00:00:00,AAWW
54.630001,54.630001,51.790001,52.389999,52.389999,578500.0,2021-02-02T00:00:00,AAWW
52.400002,53.619999,51.66,51.869999,51.869999,415600.0,2021-02-03T00:00:00,AAWW
51.900002,53.43,51.349998,53.080002,53.080002,217700.0,2021-02-04T00:00:00,AAWW
53.330002,54.799999,53.0,53.73,53.73,473200.0,2021-02-05T00:00:00,AAWW
54.169998,54.669998,53.110001,53.59,53.59,396100.0,2021-02-08T00:00:00,AAWW
53.490002,56.110001,53.150002,55.759998,55.759998,609200.0,2021-02-09T00:00:00,AAWW
56.34,57.380001,53.93,55.560001,55.560001,374600.0,2021-02-10T00:00:00,AAWW
55.48,56.0,53.369999,54.32,54.32,265400.0,2021-02-11T00:00:00,AAWW
53.619999,57.490002,53.619999,56.139999,56.139999,920800.0,2021-02-12T00:00:00,AAWW
56.700001,57.43,54.700001,55.119999,55.119999,425500.0,2021-02-16T00:00:00,AAWW
55.07,56.0,53.880001,55.950001,55.950001,607500.0,2021-02-17T00:00:00,AAWW
58.060001,59.139999,55.009998,57.040001,57.040001,812500.0,2021-02-18T00:00:00,AAWW
57.689999,62.259998,57.0,62.23,62.23,1394400.0,2021-02-19T00:00:00,AAWW
61.970001,63.189999,59.5,60.0,60.0,976600.0,2021-02-22T00:00:00,AAWW
58.610001,58.610001,54.23,57.830002,57.830002,729000.0,2021-02-23T00:00:00,AAWW
57.810001,59.740002,57.41,59.09,59.09,486700.0,2021-02-24T00:00:00,AAWW
58.73,59.310001,55.740002,56.07,56.07,470800.0,2021-02-25T00:00:00,AAWW
56.27,56.830002,55.040001,55.130001,55.130001,538500.0,2021-02-26T00:00:00,AAWW
55.25,55.950001,54.07,55.32,55.32,712800.0,2021-03-01T00:00:00,AAWW
55.169998,57.73,55.009998,56.57,56.57,536800.0,2021-03-02T00:00:00,AAWW
57.200001,58.860001,56.580002,57.189999,57.189999,446500.0,2021-03-03T00:00:00,AAWW
56.810001,57.950001,54.66,55.139999,55.139999,743700.0,2021-03-04T00:00:00,AAWW
56.009998,57.869999,54.099998,57.650002,57.650002,518800.0,2021-03-05T00:00:00,AAWW
56.48,59.619999,56.48,57.360001,57.360001,653400.0,2021-03-08T00:00:00,AAWW
58.0,59.48,56.610001,58.599998,58.599998,590300.0,2021-03-09T00:00:00,AAWW
58.599998,60.91,58.41,60.41,60.41,580600.0,2021-03-10T00:00:00,AAWW
61.0,61.73,60.080002,61.66,61.66,541700.0,2021-03-11T00:00:00,AAWW
61.66,61.98,59.43,60.259998,60.259998,358400.0,2021-03-12T00:00:00,AAWW
59.77,60.380001,58.619999,59.68,59.68,330700.0,2021-03-15T00:00:00,AAWW
59.380001,60.349998,58.0,58.389999,58.389999,380800.0,2021-03-16T00:00:00,AAWW
58.209999,59.619999,58.049999,59.220001,59.220001,311300.0,2021-03-17T00:00:00,AAWW
59.220001,60.790001,58.48,58.650002,58.650002,452900.0,2021-03-18T00:00:00,AAWW
59.310001,59.68,57.27,59.209999,59.209999,880100.0,2021-03-19T00:00:00,AAWW
59.049999,59.959999,58.310001,59.5,59.5,355300.0,2021-03-22T00:00:00,AAWW
59.119999,59.439999,56.900002,57.25,57.25,585300.0,2021-03-23T00:00:00,AAWW
57.93,58.580002,55.09,55.09,55.09,452100.0,2021-03-24T00:00:00,AAWW
54.259998,56.080002,53.360001,55.540001,55.540001,414200.0,2021-03-25T00:00:00,AAWW
56.32,58.290001,56.0,58.27,58.27,503500.0,2021-03-26T00:00:00,AAWW
58.860001,59.849998,57.549999,58.630001,58.630001,542800.0,2021-03-29T00:00:00,AAWW
58.25,59.939999,58.0,59.84,59.84,404600.0,2021-03-30T00:00:00,AAWW
59.66,60.939999,58.799999,60.439999,60.439999,645000.0,2021-03-31T00:00:00,AAWW
60.52,61.299999,60.060001,61.23,61.23,379700.0,2021-04-01T00:00:00,AAWW
61.599998,62.669998,60.810001,62.630001,62.630001,558100.0,2021-04-05T00:00:00,AAWW
63.310001,64.339996,62.349998,64.209999,64.209999,683400.0,2021-04-06T00:00:00,AAWW
63.66,63.880001,61.139999,61.73,61.73,783500.0,2021-04-07T00:00:00,AAWW
62.279999,62.279999,60.689999,61.799999,61.799999,464100.0,2021-04-08T00:00:00,AAWW
61.84,62.880001,61.779999,62.709999,62.709999,291600.0,2021-04-09T00:00:00,AAWW
62.959999,64.25,62.82,64.160004,64.160004,299100.0,2021-04-12T00:00:00,AAWW
64.5,64.75,63.259998,64.5,64.5,351000.0,2021-04-13T00:00:00,AAWW
64.199997,65.139999,63.970001,65.07,65.07,387500.0,2021-04-14T00:00:00,AAWW
65.330002,65.879997,64.419998,65.709999,65.709999,373200.0,2021-04-15T00:00:00,AAWW
66.489998,67.169998,65.400002,66.870003,66.870003,370900.0,2021-04-16T00:00:00,AAWW
67.0,67.580002,65.629997,67.360001,67.360001,407700.0,2021-04-19T00:00:00,AAWW
67.529999,67.970001,66.160004,67.440002,67.440002,428200.0,2021-04-20T00:00:00,AAWW
67.5,67.580002,65.889999,66.809998,66.809998,580000.0,2021-04-21T00:00:00,AAWW
66.489998,66.980003,65.5,66.050003,66.050003,506500.0,2021-04-22T00:00:00,AAWW
66.559998,67.900002,65.809998,67.720001,67.720001,272500.0,2021-04-23T00:00:00,AAWW
67.860001,68.599998,66.370003,67.330002,67.330002,501000.0,2021-04-26T00:00:00,AAWW
67.989998,69.639999,67.989998,68.989998,68.989998,717500.0,2021-04-27T00:00:00,AAWW
68.730003,69.690002,67.82,69.510002,69.510002,384500.0,2021-04-28T00:00:00,AAWW
69.940002,70.339996,68.5,69.120003,69.120003,556900.0,2021-04-29T00:00:00,AAWW
68.620003,69.0,67.43,67.910004,67.910004,429100.0,2021-04-30T00:00:00,AAWW
68.839996,70.639999,68.129997,70.529999,70.529999,447000.0,2021-05-03T00:00:00,AAWW
70.43,70.43,68.220001,69.639999,69.639999,687800.0,2021-05-04T00:00:00,AAWW
70.169998,71.900002,67.230003,71.480003,71.480003,826100.0,2021-05-05T00:00:00,AAWW
71.629997,71.720001,68.919998,71.370003,71.370003,653500.0,2021-05-06T00:00:00,AAWW
71.580002,74.550003,71.349998,74.029999,74.029999,589400.0,2021-05-07T00:00:00,AAWW
75.0,75.480003,73.290001,73.300003,73.300003,454300.0,2021-05-10T00:00:00,AAWW
72.0,72.360001,70.919998,72.25,72.25,534000.0,2021-05-11T00:00:00,AAWW
72.059998,72.459999,69.830002,70.470001,70.470001,564600.0,2021-05-12T00:00:00,AAWW
70.910004,73.589996,70.470001,73.080002,73.080002,351100.0,2021-05-13T00:00:00,AAWW
73.510002,74.099998,72.779999,74.080002,74.080002,285500.0,2021-05-14T00:00:00,AAWW
74.089996,75.400002,73.5,74.769997,74.769997,221900.0,2021-05-17T00:00:00,AAWW
74.010002,75.360001,73.57,74.110001,74.110001,353500.0,2021-05-18T00:00:00,AAWW
73.019997,75.209999,73.0,74.970001,74.970001,424500.0,2021-05-19T00:00:00,AAWW
75.029999,75.230003,74.040001,74.300003,74.300003,247200.0,2021-05-20T00:00:00,AAWW
74.839996,75.309998,74.110001,74.120003,74.120003,307000.0,2021-05-21T00:00:00,AAWW
74.400002,74.75,73.25,74.07,74.07,360700.0,2021-05-24T00:00:00,AAWW
73.779999,74.269997,72.889999,73.220001,73.220001,563400.0,2021-05-25T00:00:00,AAWW
73.220001,75.089996,72.779999,75.019997,75.019997,236400.0,2021-05-26T00:00:00,AAWW
75.480003,76.050003,74.769997,75.580002,75.580002,314200.0,2021-05-27T00:00:00,AAWW
75.889999,75.889999,73.800003,74.93,74.93,292300.0,2021-05-28T00:00:00,AAWW
75.699997,76.220001,74.599998,75.059998,75.059998,352100.0,2021-06-01T00:00:00,AAWW
75.599998,75.75,73.769997,74.330002,74.330002,297600.0,2021-06-02T00:00:00,AAWW
74.209999,74.870003,72.800003,74.290001,74.290001,330400.0,2021-06-03T00:00:00,AAWW
74.760002,74.830002,73.809998,74.160004,74.160004,283000.0,2021-06-04T00:00:00,AAWW
74.5,75.099998,74.25,74.389999,74.389999,259700.0,2021-06-07T00:00:00,AAWW
74.650002,74.919998,73.279999,74.269997,74.269997,356300.0,2021-06-08T00:00:00,AAWW
74.0,74.32,73.139999,73.970001,73.970001,235800.0,2021-06-09T00:00:00,AAWW
74.410004,74.730003,73.360001,73.699997,73.699997,203200.0,2021-06-10T00:00:00,AAWW
73.889999,74.739998,73.889999,74.230003,74.230003,215600.0,2021-06-11T00:00:00,AAWW
74.330002,74.760002,72.620003,73.040001,73.040001,298100.0,2021-06-14T00:00:00,AAWW
73.129997,73.730003,72.529999,73.199997,73.199997,460800.0,2021-06-15T00:00:00,AAWW
73.419998,73.989998,71.199997,71.480003,71.480003,464600.0,2021-06-16T00:00:00,AAWW
71.209999,71.529999,69.739998,70.599998,70.599998,447600.0,2021-06-17T00:00:00,AAWW
69.32,70.099998,66.830002,66.989998,66.989998,856600.0,2021-06-18T00:00:00,AAWW
67.739998,68.419998,67.410004,68.029999,68.029999,542500.0,2021-06-21T00:00:00,AAWW
68.230003,69.080002,67.5,68.510002,68.510002,463000.0,2021-06-22T00:00:00,AAWW
68.989998,69.400002,68.230003,68.800003,68.800003,273000.0,2021-06-23T00:00:00,AAWW
69.239998,70.080002,68.919998,69.589996,69.589996,233200.0,2021-06-24T00:00:00,AAWW
69.239998,69.970001,67.839996,68.18,68.18,751900.0,2021-06-25T00:00:00,AAWW
68.18,68.919998,66.199997,67.309998,67.309998,637000.0,2021-06-28T00:00:00,AAWW
67.82,68.980003,67.57,68.389999,68.389999,333200.0,2021-06-29T00:00:00,AAWW
68.389999,68.449997,67.360001,68.110001,68.110001,468400.0,2021-06-30T00:00:00,AAWW
68.32,69.019997,67.379997,68.360001,68.360001,322900.0,2021-07-01T00:00:00,AAWW
68.599998,69.190002,67.629997,68.93,68.93,252300.0,2021-07-02T00:00:00,AAWW
68.849998,68.93,66.199997,66.68,66.68,377500.0,2021-07-06T00:00:00,AAWW
66.169998,66.730003,65.57,66.199997,66.199997,468100.0,2021-07-07T00:00:00,AAWW
65.139999,66.580002,63.669998,65.68,65.68,425800.0,2021-07-08T00:00:00,AAWW
66.919998,67.93,66.790001,67.779999,67.779999,340400.0,2021-07-09T00:00:00,AAWW
67.849998,68.150002,66.400002,67.790001,67.790001,289100.0,2021-07-12T00:00:00,AAWW
67.300003,68.440002,66.269997,66.300003,66.300003,334600.0,2021-07-13T00:00:00,AAWW
66.910004,67.849998,66.199997,66.389999,66.389999,200600.0,2021-07-14T00:00:00,AAWW
65.839996,66.519997,64.849998,65.959999,65.959999,246200.0,2021-07-15T00:00:00,AAWW
66.389999,66.580002,63.709999,64.07,64.07,501800.0,2021-07-16T00:00:00,AAWW
62.84,63.529999,62.130001,63.43,63.43,461100.0,2021-07-19T00:00:00,AAWW
63.43,65.610001,62.990002,64.940002,64.940002,308500.0,2021-07-20T00:00:00,AAWW
65.0,66.290001,65.0,65.480003,65.480003,289700.0,2021-07-21T00:00:00,AAWW
65.5,65.5,64.029999,64.870003,64.870003,204000.0,2021-07-22T00:00:00,AAWW
65.370003,65.669998,64.169998,65.629997,65.629997,240100.0,2021-07-23T00:00:00,AAWW
65.980003,66.910004,65.139999,66.269997,66.269997,278400.0,2021-07-26T00:00:00,AAWW
65.480003,66.040001,64.629997,65.980003,65.980003,196700.0,2021-07-27T00:00:00,AAWW
66.379997,66.980003,65.160004,66.480003,66.480003,193600.0,2021-07-28T00:00:00,AAWW
67.169998,68.220001,66.760002,67.779999,67.779999,192600.0,2021-07-29T00:00:00,AAWW
67.360001,67.940002,66.150002,66.970001,66.970001,421300.0,2021-07-30T00:00:00,AAWW
67.419998,68.239998,65.75,66.169998,66.169998,274000.0,2021-08-02T00:00:00,AAWW
66.480003,67.879997,65.93,67.510002,67.510002,470300.0,2021-08-03T00:00:00,AAWW
67.110001,68.230003,66.330002,67.330002,67.330002,502800.0,2021-08-04T00:00:00,AAWW
68.629997,71.019997,67.639999,70.519997,70.519997,544500.0,2021-08-05T00:00:00,AAWW
71.519997,74.18,71.07,72.870003,72.870003,438400.0,2021-08-06T00:00:00,AAWW
71.849998,72.699997,69.5,72.330002,72.330002,338300.0,2021-08-09T00:00:00,AAWW
72.610001,72.980003,71.010002,72.150002,72.150002,309400.0,2021-08-10T00:00:00,AAWW
72.57,73.459999,71.209999,73.349998,73.349998,407700.0,2021-08-11T00:00:00,AAWW
73.5,74.870003,72.470001,74.43,74.43,388400.0,2021-08-12T00:00:00,AAWW
74.699997,77.0,74.330002,76.599998,76.599998,583200.0,2021-08-13T00:00:00,AAWW
76.43,78.449997,75.379997,77.919998,77.919998,471000.0,2021-08-16T00:00:00,AAWW
77.379997,78.040001,75.220001,77.650002,77.650002,369500.0,2021-08-17T00:00:00,AAWW
77.489998,77.949997,74.82,75.260002,75.260002,548900.0,2021-08-18T00:00:00,AAWW
74.410004,74.610001,72.790001,73.970001,73.970001,562700.0,2021-08-19T00:00:00,AAWW
73.860001,76.5,73.610001,76.260002,76.260002,341500.0,2021-08-20T00:00:00,AAWW
77.440002,77.519997,74.580002,74.68,74.68,405900.0,2021-08-23T00:00:00,AAWW
74.800003,76.139999,73.860001,74.5,74.5,304300.0,2021-08-24T00:00:00,AAWW
74.279999,74.93,73.5,74.339996,74.339996,358900.0,2021-08-25T00:00:00,AAWW
74.349998,74.379997,72.699997,73.220001,73.220001,266700.0,2021-08-26T00:00:00,AAWW
73.25,74.410004,73.0,73.830002,73.830002,278000.0,2021-08-27T00:00:00,AAWW
73.989998,74.089996,72.82,73.480003,73.480003,271600.0,2021-08-30T00:00:00,AAWW
73.639999,73.889999,72.940002,73.169998,73.169998,368500.0,2021-08-31T00:00:00,AAWW
73.379997,73.699997,72.309998,73.550003,73.550003,359500.0,2021-09-01T00:00:00,AAWW
73.75,74.260002,73.410004,73.900002,73.900002,262900.0,2021-09-02T00:00:00,AAWW
73.669998,74.290001,73.010002,73.57,73.57,239500.0,2021-09-03T00:00:00,AAWW
74.07,74.370003,72.900002,73.790001,73.790001,451200.0,2021-09-07T00:00:00,AAWW
73.389999,73.900002,72.610001,72.769997,72.769997,272600.0,2021-09-08T00:00:00,AAWW
72.43,73.379997,72.029999,73.040001,73.040001,331200.0,2021-09-09T00:00:00,AAWW
73.690002,75.400002,73.050003,74.019997,74.019997,504700.0,2021-09-10T00:00:00,AAWW
74.830002,74.830002,72.449997,73.209999,73.209999,508000.0,2021-09-13T00:00:00,AAWW
75.040001,76.330002,72.959999,75.339996,75.339996,509300.0,2021-09-14T00:00:00,AAWW
75.93,78.190002,75.769997,76.910004,76.910004,495100.0,2021-09-15T00:00:00,AAWW
77.860001,79.410004,76.610001,78.419998,78.419998,456100.0,2021-09-16T00:00:00,AAWW
77.949997,78.419998,75.300003,75.629997,75.629997,936200.0,2021-09-17T00:00:00,AAWW
73.870003,74.540001,71.510002,74.279999,74.279999,500400.0,2021-09-20T00:00:00,AAWW
74.800003,74.800003,72.480003,72.589996,72.589996,381500.0,2021-09-21T00:00:00,AAWW
76.660004,76.660004,72.43,74.0,74.0,1049200.0,2021-09-22T00:00:00,AAWW
74.160004,78.190002,74.160004,77.559998,77.559998,817900.0,2021-09-23T00:00:00,AAWW
77.279999,79.209999,76.300003,78.5,78.5,447100.0,2021-09-24T00:00:00,AAWW
78.830002,83.82,78.790001,82.370003,82.370003,909300.0,2021-09-27T00:00:00,AAWW
82.010002,84.760002,81.93,83.550003,83.550003,755500.0,2021-09-28T00:00:00,AAWW
84.029999,85.769997,83.339996,85.199997,85.199997,741400.0,2021-09-29T00:00:00,AAWW
85.410004,85.410004,81.120003,81.68,81.68,741800.0,2021-09-30T00:00:00,AAWW
81.699997,84.0,81.290001,83.489998,83.489998,435100.0,2021-10-01T00:00:00,AAWW
83.330002,84.480003,82.5,84.190002,84.190002,795000.0,2021-10-04T00:00:00,AAWW
84.360001,86.449997,83.699997,85.57,85.57,668800.0,2021-10-05T00:00:00,AAWW
84.709999,85.010002,82.790001,84.129997,84.129997,639800.0,2021-10-06T00:00:00,AAWW
84.82,85.330002,82.949997,83.199997,83.199997,354400.0,2021-10-07T00:00:00,AAWW
83.620003,83.900002,81.449997,81.650002,81.650002,351300.0,2021-10-08T00:00:00,AAWW
81.809998,82.029999,79.669998,80.25,80.25,285700.0,2021-10-11T00:00:00,AAWW
80.25,80.68,77.099998,78.220001,78.220001,567800.0,2021-10-12T00:00:00,AAWW
77.739998,79.360001,76.690002,79.190002,79.190002,533800.0,2021-10-13T00:00:00,AAWW
80.5,81.940002,79.029999,79.440002,79.440002,723400.0,2021-10-14T00:00:00,AAWW
80.449997,80.449997,78.639999,78.699997,78.699997,664900.0,2021-10-15T00:00:00,AAWW
78.410004,79.889999,78.330002,79.110001,79.110001,295600.0,2021-10-18T00:00:00,AAWW
79.559998,79.559998,77.440002,77.540001,77.540001,346000.0,2021-10-19T00:00:00,AAWW
77.720001,78.559998,77.040001,78.279999,78.279999,719300.0,2021-10-20T00:00:00,AAWW
78.300003,80.360001,78.089996,80.339996,80.339996,455700.0,2021-10-21T00:00:00,AAWW
80.419998,82.419998,80.419998,81.010002,81.010002,530000.0,2021-10-22T00:00:00,AAWW
81.080002,83.129997,80.830002,82.269997,82.269997,655000.0,2021-10-25T00:00:00,AAWW
83.199997,83.239998,81.209999,81.879997,81.879997,395400.0,2021-10-26T00:00:00,AAWW
81.449997,82.190002,79.639999,79.870003,79.870003,293300.0,2021-10-27T00:00:00,AAWW
79.800003,82.050003,79.610001,81.290001,81.290001,233100.0,2021-10-28T00:00:00,AAWW
80.470001,82.379997,80.470001,81.120003,81.120003,432200.0,2021-10-29T00:00:00,AAWW
81.419998,83.580002,81.419998,83.529999,83.529999,367300.0,2021-11-01T00:00:00,AAWW
83.629997,86.639999,83.18,83.970001,83.970001,893900.0,2021-11-02T00:00:00,AAWW
88.18,90.699997,85.010002,88.309998,88.309998,1090300.0,2021-11-03T00:00:00,AAWW
89.330002,91.18,88.330002,89.5,89.5,718600.0,2021-11-04T00:00:00,AAWW
90.690002,91.769997,85.800003,85.959999,85.959999,825800.0,2021-11-05T00:00:00,AAWW
86.110001,87.620003,85.019997,86.379997,86.379997,674100.0,2021-11-08T00:00:00,AAWW
86.0,86.580002,83.610001,84.209999,84.209999,419100.0,2021-11-09T00:00:00,AAWW
83.660004,84.889999,83.349998,83.760002,83.760002,419300.0,2021-11-10T00:00:00,AAWW
84.150002,85.919998,83.790001,85.379997,85.379997,332800.0,2021-11-11T00:00:00,AAWW
85.239998,87.080002,84.25,85.629997,85.629997,312600.0,2021-11-12T00:00:00,AAWW
86.059998,87.860001,84.949997,87.720001,87.720001,322700.0,2021-11-15T00:00:00,AAWW
87.540001,89.040001,87.129997,87.989998,87.989998,457400.0,2021-11-16T00:00:00,AAWW
87.830002,88.779999,86.209999,88.589996,88.589996,402400.0,2021-11-17T00:00:00,AAWW
88.910004,89.989998,88.190002,89.720001,89.720001,485500.0,2021-11-18T00:00:00,AAWW
89.459999,90.209999,88.589996,89.660004,89.660004,556200.0,2021-11-19T00:00:00,AAWW
90.0,94.419998,89.889999,92.559998,92.559998,765900.0,2021-11-22T00:00:00,AAWW
93.010002,95.0,92.440002,94.910004,94.910004,718400.0,2021-11-23T00:00:00,AAWW
94.519997,94.519997,92.389999,94.18,94.18,240400.0,2021-11-24T00:00:00,AAWW
91.0,92.940002,90.230003,92.309998,92.309998,297800.0,2021-11-26T00:00:00,AAWW
93.620003,93.620003,90.309998,90.660004,90.660004,476300.0,2021-11-29T00:00:00,AAWW
89.629997,89.989998,85.809998,87.610001,87.610001,629400.0,2021-11-30T00:00:00,AAWW
89.150002,89.150002,85.260002,85.5,85.5,680600.0,2021-12-01T00:00:00,AAWW
85.919998,87.809998,85.839996,86.360001,86.360001,759900.0,2021-12-02T00:00:00,AAWW
86.839996,87.739998,85.870003,86.940002,86.940002,460700.0,2021-12-03T00:00:00,AAWW
87.650002,88.860001,86.599998,87.150002,87.150002,526500.0,2021-12-06T00:00:00,AAWW
88.110001,89.769997,87.370003,87.709999,87.709999,778000.0,2021-12-07T00:00:00,AAWW
88.589996,88.760002,86.540001,87.230003,87.230003,540800.0,2021-12-08T00:00:00,AAWW
86.610001,87.68,85.800003,86.690002,86.690002,430100.0,2021-12-09T00:00:00,AAWW
87.0,88.32,86.559998,87.199997,87.199997,305800.0,2021-12-10T00:00:00,AAWW
86.599998,86.830002,84.769997,86.110001,86.110001,353700.0,2021-12-13T00:00:00,AAWW
85.199997,87.989998,85.199997,87.410004,87.410004,673700.0,2021-12-14T00:00:00,AAWW
87.5,88.379997,85.739998,87.860001,87.860001,472900.0,2021-12-15T00:00:00,AAWW
88.650002,91.260002,88.650002,89.059998,89.059998,535700.0,2021-12-16T00:00:00,AAWW
87.870003,90.639999,86.360001,87.300003,87.300003,1491300.0,2021-12-17T00:00:00,AAWW
88.910004,88.910004,85.059998,87.980003,87.980003,550300.0,2021-12-20T00:00:00,AAWW
89.110001,90.099998,88.550003,89.139999,89.139999,549700.0,2021-12-21T00:00:00,AAWW
89.139999,91.900002,89.040001,91.419998,91.419998,340400.0,2021-12-22T00:00:00,AAWW
91.970001,93.160004,91.739998,91.949997,91.949997,262800.0,2021-12-23T00:00:00,AAWW
92.57,93.25,91.050003,92.699997,92.699997,191500.0,2021-12-27T00:00:00,AAWW
92.900002,94.0,92.459999,93.019997,93.019997,220100.0,2021-12-28T00:00:00,AAWW
92.93,94.720001,92.669998,93.760002,93.760002,277400.0,2021-12-29T00:00:00,AAWW
93.0,94.419998,92.599998,93.25,93.25,365000.0,2021-12-30T00:00:00,AAWW
92.940002,94.580002,91.989998,94.120003,94.120003,242900.0,2021-12-31T00:00:00,AAWW
94.790001,96.300003,94.209999,94.809998,94.809998,472900.0,2022-01-03T00:00:00,AAWW
96.239998,97.129997,94.739998,95.779999,95.779999,488100.0,2022-01-04T00:00:00,AAWW
95.760002,97.0,91.470001,91.599998,91.599998,849200.0,2022-01-05T00:00:00,AAWW
90.889999,91.370003,88.050003,89.029999,89.029999,912600.0,2022-01-06T00:00:00,AAWW
88.809998,90.459999,88.029999,88.25,88.25,693300.0,2022-01-07T00:00:00,AAWW
87.699997,87.800003,83.5,86.040001,86.040001,1123100.0,2022-01-10T00:00:00,AAWW
87.279999,87.68,85.360001,87.290001,87.290001,393600.0,2022-01-11T00:00:00,AAWW
87.5,88.699997,85.910004,85.949997,85.949997,336800.0,2022-01-12T00:00:00,AAWW
86.209999,87.620003,85.449997,86.559998,86.559998,379000.0,2022-01-13T00:00:00,AAWW
85.139999,85.220001,81.900002,82.209999,82.209999,879600.0,2022-01-14T00:00:00,AAWW
81.169998,81.959999,80.029999,81.389999,81.389999,1008200.0,2022-01-18T00:00:00,AAWW
81.75,82.25,78.459999,78.669998,78.669998,1320400.0,2022-01-19T00:00:00,AAWW
79.040001,80.690002,77.260002,77.419998,77.419998,1015900.0,2022-01-20T00:00:00,AAWW
77.269997,79.139999,76.599998,78.309998,78.309998,671900.0,2022-01-21T00:00:00,AAWW
76.93,79.449997,76.099998,79.279999,79.279999,600000.0,2022-01-24T00:00:00,AAWW
78.290001,79.019997,76.760002,78.18,78.18,666800.0,2022-01-25T00:00:00,AAWW
79.239998,79.650002,76.800003,77.169998,77.169998,932500.0,2022-01-26T00:00:00,AAWW
78.220001,79.32,75.610001,76.080002,76.080002,514800.0,2022-01-27T00:00:00,AAWW
75.860001,76.349998,74.099998,75.82,75.82,711400.0,2022-01-28T00:00:00,AAWW
75.760002,80.43,74.68,80.330002,80.330002,1046200.0,2022-01-31T00:00:00,AAWW
80.989998,83.910004,80.279999,82.089996,82.089996,909200.0,2022-02-01T00:00:00,AAWW
81.669998,81.889999,78.5,80.809998,80.809998,587300.0,2022-02-02T00:00:00,AAWW
80.489998,82.309998,79.489998,79.879997,79.879997,672100.0,2022-02-03T00:00:00,AAWW
79.879997,80.449997,76.029999,76.769997,76.769997,782200.0,2022-02-04T00:00:00,AAWW
77.760002,79.279999,76.790001,78.330002,78.330002,717600.0,2022-02-07T00:00:00,AAWW
78.360001,79.629997,78.07,78.550003,78.550003,297700.0,2022-02-08T00:00:00,AAWW
79.580002,80.580002,79.160004,80.389999,80.389999,413100.0,2022-02-09T00:00:00,AAWW
79.660004,80.790001,77.050003,78.260002,78.260002,514500.0,2022-02-10T00:00:00,AAWW
78.779999,78.790001,76.129997,76.43,76.43,554100.0,2022-02-11T00:00:00,AAWW
76.199997,77.540001,76.080002,76.809998,76.809998,405400.0,2022-02-14T00:00:00,AAWW
77.230003,78.669998,77.050003,78.43,78.43,499000.0,2022-02-15T00:00:00,AAWW
78.239998,80.0,77.830002,79.07,79.07,844300.0,2022-02-16T00:00:00,AAWW
82.43,84.540001,75.639999,77.099998,77.099998,1577500.0,2022-02-17T00:00:00,AAWW
77.230003,78.709999,76.720001,78.470001,78.470001,843600.0,2022-02-18T00:00:00,AAWW
77.279999,78.400002,73.470001,74.480003,74.480003,1082300.0,2022-02-22T00:00:00,AAWW
74.879997,76.580002,74.720001,75.349998,75.349998,615400.0,2022-02-23T00:00:00,AAWW
73.779999,75.849998,73.18,75.349998,75.349998,874600.0,2022-02-24T00:00:00,AAWW
75.010002,77.339996,75.010002,77.120003,77.120003,636000.0,2022-02-25T00:00:00,AAWW
76.489998,78.650002,76.370003,78.360001,78.360001,799100.0,2022-02-28T00:00:00,AAWW
78.300003,80.860001,77.800003,80.389999,80.389999,861100.0,2022-03-01T00:00:00,AAWW
80.5,82.790001,80.5,80.839996,80.839996,957400.0,2022-03-02T00:00:00,AAWW
80.980003,81.93,79.879997,80.660004,80.660004,511300.0,2022-03-03T00:00:00,AAWW
80.379997,82.830002,79.889999,82.360001,82.360001,896600.0,2022-03-04T00:00:00,AAWW
81.589996,82.769997,79.32,79.480003,79.480003,655200.0,2022-03-07T00:00:00,AAWW
79.480003,82.230003,79.25,80.669998,80.669998,590900.0,2022-03-08T00:00:00,AAWW
81.779999,83.120003,80.510002,82.309998,82.309998,774800.0,2022-03-09T00:00:00,AAWW
81.5,82.470001,80.779999,82.300003,82.300003,307700.0,2022-03-10T00:00:00,AAWW
82.739998,83.260002,81.010002,81.080002,81.080002,615600.0,2022-03-11T00:00:00,AAWW
81.260002,81.989998,79.43,80.940002,80.940002,627500.0,2022-03-14T00:00:00,AAWW
81.519997,84.25,80.959999,84.209999,84.209999,779800.0,2022-03-15T00:00:00,AAWW
84.959999,85.690002,83.019997,83.980003,83.980003,847300.0,2022-03-16T00:00:00,AAWW
83.300003,85.599998,83.300003,84.970001,84.970001,332600.0,2022-03-17T00:00:00,AAWW
85.139999,88.440002,84.709999,88.190002,88.190002,1672300.0,2022-03-18T00:00:00,AAWW
88.169998,88.870003,85.580002,85.959999,85.959999,468000.0,2022-03-21T00:00:00,AAWW
86.150002,88.129997,85.57,86.800003,86.800003,573200.0,2022-03-22T00:00:00,AAWW
85.919998,87.260002,85.82,86.599998,86.599998,449000.0,2022-03-23T00:00:00,AAWW
87.57,88.870003,86.480003,88.360001,88.360001,597200.0,2022-03-24T00:00:00,AAWW
88.639999,89.43,87.790001,88.790001,88.790001,636000.0,2022-03-25T00:00:00,AAWW
88.760002,89.82,88.07,88.940002,88.940002,457200.0,2022-03-28T00:00:00,AAWW
89.0,89.900002,87.620003,88.849998,88.849998,658700.0,2022-03-29T00:00:00,AAWW
88.650002,89.550003,87.809998,88.379997,88.379997,406400.0,2022-03-30T00:00:00,AAWW
88.720001,89.25,86.360001,86.370003,86.370003,514300.0,2022-03-31T00:00:00,AAWW
86.5,87.43,81.260002,82.209999,82.209999,830900.0,2022-04-01T00:00:00,AAWW
81.5,82.279999,79.419998,81.720001,81.720001,724500.0,2022-04-04T00:00:00,AAWW
79.169998,79.849998,73.0,73.410004,73.410004,2061100.0,2022-04-05T00:00:00,AAWW
72.720001,73.410004,68.970001,70.18,70.18,1514400.0,2022-04-06T00:00:00,AAWW
70.650002,70.760002,67.129997,67.300003,67.300003,1551400.0,2022-04-07T00:00:00,AAWW
66.75,68.190002,65.709999,66.040001,66.040001,1163700.0,2022-04-08T00:00:00,AAWW
65.410004,68.110001,65.0,65.809998,65.809998,645200.0,2022-04-11T00:00:00,AAWW
66.0,68.879997,65.949997,66.879997,66.879997,627800.0,2022-04-12T00:00:00,AAWW
67.040001,68.980003,66.809998,68.32,68.32,407900.0,2022-04-13T00:00:00,AAWW
68.309998,70.099998,67.989998,68.449997,68.449997,445800.0,2022-04-14T00:00:00,AAWW
69.279999,69.860001,68.449997,68.900002,68.900002,592300.0,2022-04-18T00:00:00,AAWW
69.110001,71.300003,68.529999,71.040001,71.040001,433200.0,2022-04-19T00:00:00,AAWW
72.169998,73.0,69.389999,69.660004,69.660004,527000.0,2022-04-20T00:00:00,AAWW
70.57,71.260002,68.860001,69.610001,69.610001,354900.0,2022-04-21T00:00:00,AAWW
69.349998,69.949997,68.279999,68.419998,68.419998,417200.0,2022-04-22T00:00:00,AAWW
67.540001,69.400002,66.400002,69.169998,69.169998,517000.0,2022-04-25T00:00:00,AAWW
69.169998,69.510002,67.739998,67.779999,67.779999,444800.0,2022-04-26T00:00:00,AAWW
67.550003,68.370003,66.800003,67.610001,67.610001,490500.0,2022-04-27T00:00:00,AAWW
68.769997,69.889999,67.610001,69.779999,69.779999,399300.0,2022-04-28T00:00:00,AAWW
69.370003,70.489998,68.769997,68.940002,68.940002,420800.0,2022-04-29T00:00:00,AAWW
68.43,69.339996,67.290001,69.080002,69.080002,453400.0,2022-05-02T00:00:00,AAWW
68.720001,70.540001,68.419998,70.230003,70.230003,490500.0,2022-05-03T00:00:00,AAWW
70.849998,72.730003,70.0,72.589996,72.589996,546200.0,2022-05-04T00:00:00,AAWW
73.07,73.07,69.669998,71.839996,71.839996,698900.0,2022-05-05T00:00:00,AAWW
72.330002,72.489998,69.339996,71.029999,71.029999,585100.0,2022-05-06T00:00:00,AAWW
70.209999,72.510002,69.480003,69.660004,69.660004,541900.0,2022-05-09T00:00:00,AAWW
69.949997,70.480003,67.959999,69.379997,69.379997,589300.0,2022-05-10T00:00:00,AAWW
69.470001,70.169998,68.190002,68.860001,68.860001,1166600.0,2022-05-11T00:00:00,AAWW
68.730003,69.150002,66.739998,68.559998,68.559998,510300.0,2022-05-12T00:00:00,AAWW
68.82,71.43,68.82,70.07,70.07,446200.0,2022-05-13T00:00:00,AAWW
70.32,70.75,68.919998,69.529999,69.529999,396800.0,2022-05-16T00:00:00,AAWW
70.720001,72.809998,70.620003,72.709999,72.709999,346100.0,2022-05-17T00:00:00,AAWW
72.5,72.5,68.970001,69.099998,69.099998,576100.0,2022-05-18T00:00:00,AAWW
68.540001,69.059998,66.849998,66.989998,66.989998,624100.0,2022-05-19T00:00:00,AAWW
67.68,67.82,62.869999,65.019997,65.019997,743100.0,2022-05-20T00:00:00,AAWW
66.150002,67.690002,65.599998,66.959999,66.959999,518700.0,2022-05-23T00:00:00,AAWW
66.650002,66.730003,63.290001,65.800003,65.800003,415200.0,2022-05-24T00:00:00,AAWW
65.900002,67.699997,65.610001,66.940002,66.940002,255300.0,2022-05-25T00:00:00,AAWW
67.080002,68.900002,67.080002,68.5,68.5,322400.0,2022-05-26T00:00:00,AAWW
69.050003,70.040001,68.849998,69.720001,69.720001,329600.0,2022-05-27T00:00:00,AAWW
69.139999,70.510002,67.989998,69.709999,69.709999,386000.0,2022-05-31T00:00:00,AAWW
70.199997,70.480003,68.43,69.160004,69.160004,619200.0,2022-06-01T00:00:00,AAWW
69.32,71.150002,69.279999,70.900002,70.900002,482300.0,2022-06-02T00:00:00,AAWW
70.239998,71.099998,69.709999,70.18,70.18,312800.0,2022-06-03T00:00:00,AAWW
70.919998,71.860001,70.169998,71.690002,71.690002,358800.0,2022-06-06T00:00:00,AAWW
70.93,72.529999,69.889999,72.129997,72.129997,284200.0,2022-06-07T00:00:00,AAWW
71.269997,71.709999,69.25,70.099998,70.099998,516900.0,2022-06-08T00:00:00,AAWW
69.839996,69.839996,67.410004,67.489998,67.489998,605000.0,2022-06-09T00:00:00,AAWW
66.410004,67.580002,65.43,65.459999,65.459999,412400.0,2022-06-10T00:00:00,AAWW
63.580002,64.849998,63.200001,63.990002,63.990002,457500.0,2022-06-13T00:00:00,AAWW
64.839996,66.870003,64.029999,64.309998,64.309998,404000.0,2022-06-14T00:00:00,AAWW
64.760002,66.120003,64.480003,65.550003,65.550003,459400.0,2022-06-15T00:00:00,AAWW
63.919998,64.260002,61.860001,62.810001,62.810001,526800.0,2022-06-16T00:00:00,AAWW
63.43,63.639999,62.110001,62.650002,62.650002,667200.0,2022-06-17T00:00:00,AAWW
63.889999,64.349998,62.650002,63.400002,63.400002,244000.0,2022-06-21T00:00:00,AAWW
62.349998,63.099998,61.900002,62.419998,62.419998,362200.0,2022-06-22T00:00:00,AAWW
62.52,63.549999,61.48,63.5,63.5,328900.0,2022-06-23T00:00:00,AAWW
63.860001,65.760002,63.150002,63.970001,63.970001,511200.0,2022-06-24T00:00:00,AAWW
64.580002,65.900002,64.099998,65.349998,65.349998,313800.0,2022-06-27T00:00:00,AAWW
65.519997,66.510002,64.540001,64.709999,64.709999,465900.0,2022-06-28T00:00:00,AAWW
64.559998,64.800003,62.400002,62.759998,62.759998,381100.0,2022-06-29T00:00:00,AAWW
61.93,62.400002,60.48,61.709999,61.709999,398200.0,2022-06-30T00:00:00,AAWW
61.09,62.080002,59.950001,61.419998,61.419998,346200.0,2022-07-01T00:00:00,AAWW
60.18,61.700001,59.639999,61.59,61.59,249400.0,2022-07-05T00:00:00,AAWW
61.369999,61.959999,58.779999,59.049999,59.049999,445700.0,2022-07-06T00:00:00,AAWW
59.830002,61.68,59.380001,60.919998,60.919998,301700.0,2022-07-07T00:00:00,AAWW
